soal,versi-soal,prob_benar_menjawab,level,stanza,gpt,manual
"Bagian dari bidang biologi yang membutuhkan penggunaan mikroskop, sebagai contoh",001v001,"0,20",3,"Bagian/NSD dari/R-- bidang/NSD biologi/NSD yang/S-- membutuhkan/VSA penggunaan/NSD mikroskop/X-- ,/Z-- sebagai/R-- contoh/NSD","Bagian/NSD dari/R-- bidang/NSD biologi/NSD yang/S-- membutuhkan/VSA penggunaan/NSD mikroskop/NSD ,/Z-- sebagai/R-- contoh/NSD","Bagian/NSD dari/R-- bidang/NSD biologi/NSD yang/S-- membutuhkan/VSA penggunaan/NSD mikroskop/NSD ,/Z-- sebagai/R-- contoh/NSD"
"Dalam studi biologi, penggunaan mikroskop diperlukan untuk mempelajari hal seperti",001v002,"0,73",1,"Dalam/NSD studi/NSD biologi/NSD ,/Z-- penggunaan/NSD mikroskop/X-- diperlukan/VSP untuk/R-- mempelajari/VSA hal/NSD seperti/R--","Dalam/R-- studi/NSD biologi/NSD ,/Z-- penggunaan/NSD mikroskop/X-- diperlukan/VSP untuk/R-- mempelajari/VSA hal/NSD seperti/R--","Dalam/R-- studi/NSD biologi/NSD ,/Z-- penggunaan/NSV mikroskop/NSD diperlukan/VSP untuk/R-- mempelajari/VBT hal/NSD seperti/R--"
"Ilmu biologi yang membutuhkan penggunaan mikroskop untuk mengkaji, sebagai contoh",001v003,"0,13",3,"Ilmu/NSD biologi/NSD yang/S-- membutuhkan/VSA penggunaan/NSD mikroskop/X-- untuk/R-- mengkaji/VSA ,/Z-- sebagai/R-- contoh/NSD","Ilmu/NSD biologi/NSD yang/S-- membutuhkan/VSA penggunaan/NSD mikroskop/X-- untuk/R-- mengkaji/VSA ,/Z-- sebagai/R-- contoh/NSD","Ilmu/NSD biologi/NSD yang/S-- membutuhkan/VBT penggunaan/NSV mikroskop/NSD untuk/R-- mengkaji/VBT ,/Z-- sebagai/R-- contoh/NSD"
Cabang biologi yang mendorong peneliti untuk menghasilkan bibit unggul melalui hibridisasi (persilangan) ,002v001,"0,65",2,Cabang/NSD biologi/NSD yang/S-- mendorong/VSA peneliti/NSD untuk/R-- menghasilkan/VSA bibit/NSD unggul/ASP melalui/R-- hibridisasi/X-- (/Z-- persilangan/NSD )/Z--,Cabang/NSD biologi/NSD yang/S-- mendorong/VSA peneliti/NSD untuk/R-- menghasilkan/VSA bibit/NSD unggul/ASP melalui/R-- hibridisasi/X-- (/Z-- persilangan/NSD )/Z--,Cabang/NSD biologi/NSD yang/S-- mendorong/VBT peneliti/NSD untuk/R-- menghasilkan/VBT bibit/NSD unggul/ADJ melalui/R-- hibridisasi/R-- (/Z-- persilangan/NSV )/Z-- 
Cabang ilmu biologi yang menjadi dasar bagi peneliti dalam mengembangkan bibit unggul melalui teknik persilangan,002v002,"0,67",2,Cabang/NSD ilmu/NSD biologi/NSD yang/S-- menjadi/VSA dasar/NSD bagi/R-- peneliti/NSD dalam/ASP mengembangkan/VSA bibit/NSD unggul/ASP melalui/R-- teknik/NSD persilangan/NSD,Cabang/NSD ilmu/NSD biologi/NSD yang/S-- menjadi/VSA dasar/NSD bagi/R-- peneliti/NSD dalam/R-- mengembangkan/VSA bibit/NSD unggul/ASP melalui/R-- teknik/NSD persilangan/NSD,Cabang/NSD ilmu/NSD biologi/NSD yang/S-- menjadi/VBT dasar/NSD bagi/R-- peneliti/NSD dalam/R-- mengembangkan/VBT bibit/NSD unggul/ADJ melalui/R-- teknik/NSD persilangan/NSV
Bidang biologi yang mendasari upaya para peneliti dalam meningkatkan produksi pangan melalui pengembangan bibit unggul menggunakan hibridisasi,002v003,"0,85",1,Bidang/NSD biologi/NSD yang/S-- mendasari/VSA upaya/NSD para/B-- peneliti/NSD dalam/ASP meningkatkan/VSA produksi/NSD pangan/NSD melalui/R-- pengembangan/NSD bibit/NSD unggul/ASP menggunakan/VSA hibridisasi/X--,Bidang/NSD biologi/NSD yang/S-- mendasari/VSA upaya/NSD para/G-- peneliti/NSD dalam/R-- meningkatkan/VSA produksi/NSD pangan/NSD melalui/R-- pengembangan/NSD bibit/NSD unggul/ASP menggunakan/VSA hibridisasi/X--,Bidang/NSD biologi/NSD yang/S-- mendasari/VBT upaya/NSD para/DET peneliti/NSD dalam/R-- meningkatkan/VBT produksi/NSD pangan/NSD melalui/R-- pengembangan/NSV bibit/NSD unggul/ADJ menggunakan/VBT hibridisasi/NSD
Hal yang dipelajari dalam biologi untuk mengembangkan obat untuk flu burung (SARS) adalah,004v001,"0,53",2,Hal/NSD yang/S-- dipelajari/VSP dalam/ASP biologi/NSD untuk/R-- mengembangkan/VSA obat/NSD untuk/R-- flu/NSD burung/NSD (/Z-- SARS/X-- )/Z-- adalah/O--,Hal/NSD yang/S-- dipelajari/VSP dalam/R-- biologi/NSD untuk/R-- mengembangkan/VSA obat/NSD untuk/R-- flu/NSD burung/NSD (/Z-- SARS/X-- )/Z-- adalah/VSA,Hal/NSD yang/S-- dipelajari/VSP dalam/R-- biologi/NSD untuk/R-- mengembangkan/VBT obat/NSD untuk/R-- flu/NSD burung/NSD (/Z-- SARS/NSD )/Z-- adalah/VBL
Komponen studi biologi yang diperlukan dalam pengembangan obat untuk flu burung (SARS) adalah,004v002,"0,25",3,Komponen/NSD studi/NSD biologi/NSD yang/S-- diperlukan/VSP dalam/ASP pengembangan/NSD obat/NSD untuk/R-- flu/X-- burung/NSD (/Z-- SARS/X-- )/Z-- adalah/O--,Komponen/NSD studi/NSD biologi/NSD yang/S-- diperlukan/VSP dalam/R-- pengembangan/NSD obat/NSD untuk/R-- flu/NSD burung/NSD (/Z-- SARS/X-- )/Z-- adalah/VSA,Komponen/NSD studi/NSD biologi/NSD yang/S-- diperlukan/VSP dalam/R-- pengembangan/NSV obat/NSD untuk/R-- flu/NSD burung/NSD (/Z-- SARS/NSD )/Z-- adalah/VBL
Pilihlah yang tidak termasuk dalam persiapan sebelum melakukan penelitian ilmiah,006v001,"0,36",2,Pilih/VSA lah/T-- yang/S-- tidak/G-- termasuk/R-- dalam/ASP persiapan/NSD sebelum/S-- melakukan/VSA penelitian/NSD ilmiah/ASP,Pilihlah/VSA PAD/PAD yang/S-- tidak/B-- termasuk/VSA dalam/R-- persiapan/NSD sebelum/R-- melakukan/VSA penelitian/NSD ilmiah/ASP,Pilih/VSA lah/T-- yang/S-- tidak/ADV termasuk/VBI dalam/R-- persiapan/NSD sebelum/ADV melakukan/VBT penelitian/NSD ilmiah/ADJ
Pilihlah mana yang bukan termasuk  hal yang disiapkan sebelum melakukan penelitian ilmiah,006v002,"0,67",2,Pilih/VSA lah/T-- mana/NSD yang/S-- bukan/G-- termasuk/R-- hal/NSD yang/S-- disiapkan/VSP sebelum/S-- melakukan/VSA penelitian/NSD ilmiah/ASP,Pilihlah/VSA PAD/PAD mana/Y-- yang/S-- bukan/B-- termasuk/VSA hal/NSD yang/S-- disiapkan/VSP sebelum/R-- melakukan/VSA penelitian/NSD ilmiah/ASP,Pilih/VSA lah/T-- mana/PRQ yang/S-- bukan/ADV termasuk/VBI hal/NSD yang/S-- disiapkan/VSP sebelum/ADV melakukan/VBT penelitian/NSD ilmiah/ADJ
Mana yang tidak menjadi bagian dari persiapan sebelum melakukan penelitian ilmiah,006v003,"0,17",3,Mana/NSD yang/S-- tidak/G-- menjadi/VSA bagian/NSD dari/R-- persiapan/NSD sebelum/S-- melakukan/VSA penelitian/NSD ilmiah/ASP,Mana/Y-- yang/S-- tidak/B-- menjadi/VSA bagian/NSD dari/R-- persiapan/NSD sebelum/R-- melakukan/VSA penelitian/NSD ilmiah/ASP,Mana/PRQ yang/S-- tidak/ADV menjadi/VBT bagian/NSD dari/R-- persiapan/NSV sebelum/ADV melakukan/VBT penelitian/NSD ilmiah/ADJ
"Di antara yang berikut ini, kegiatan manakah bukan termasuk dalam pengamatan",008v001,"0,77",1,"Di/R-- antara/R-- yang/S-- berikut/VSA ini/B-- ,/Z-- kegiatan/NSD mana/W-- kah/T-- bukan/G-- termasuk/R-- dalam/ASP pengamatan/NSD","Di/R-- antara/R-- yang/S-- berikut/NSD ini/T-- ,/Z-- kegiatan/NSD manakah/H-- PAD/PAD bukan/B-- termasuk/VSA dalam/R-- pengamatan/NSD","Di/R-- antara/R-- yang/S-- berikut/ADJ ini/PRD ,/Z-- kegiatan/NSD mana/PRQ kah/PRT bukan/ADV termasuk/VBI dalam/R-- pengamatan/NSV"
Mana di antara berikut yang bukan merupakan kegiatan pengamatan,008v002,"0,64",2,Mana/NSD di/R-- antara/R-- berikut/VSA yang/S-- bukan/G-- merupakan/O-- kegiatan/NSD pengamatan/NSD,Mana/Y-- di/R-- antara/R-- berikut/NSD yang/S-- bukan/B-- merupakan/VSA kegiatan/NSD pengamatan/NSD,Mana/PRQ di/PRD antara/R-- berikut/ADJ yang/S-- bukan/ADV merupakan/VBL kegiatan/NSD pengamatan/NSV
Berikut ini yang bukan merupakan kegiatan observasi adalah,008v003,"0,50",2,Berikut/VSA ini/B-- yang/S-- bukan/G-- merupakan/O-- kegiatan/NSD observasi/NSD adalah/O--,Berikut/NSD ini/T-- yang/S-- bukan/B-- merupakan/VSA kegiatan/NSD observasi/NSD adalah/VSA,Berikut/ADJ ini/PRD yang/S-- bukan/ADV merupakan/VBL kegiatan/NSD observasi/NSD adalah/VBL
"Pada penulisan makalah, terdapat bagian yang membahas pengolahan data yang disebut sebagai",009v001,"0,54",2,"Pada/R-- penulisan/NSD makalah/NSD ,/Z-- terdapat/VSP bagian/NSD yang/S-- membahas/VSA pengolahan/NSD data/NSD yang/S-- disebut/VSP sebagai/R--","Pada/R-- penulisan/NSD makalah/NSD ,/Z-- terdapat/VSA bagian/NSD yang/S-- membahas/VSA pengolahan/NSD data/NSD yang/S-- disebut/VSP sebagai/R--","Pada/R-- penulisan/NSV makalah/NSD ,/Z-- terdapat/VBI bagian/NSD yang/S-- membahas/VBT pengolahan/NSV data/NSD yang/S-- disebut/VSP sebagai/R--"
"Pada penulisan makalah terdapat bab yang membahas pengolahan data, yaitu bagian",009v002,"0,57",2,"Pada/R-- penulisan/NSD makalah/NSD terdapat/VSP bab/NSD yang/S-- membahas/VSA pengolahan/NSD data/NSD ,/Z-- yaitu/O-- bagian/NSD","Pada/R-- penulisan/NSD makalah/NSD terdapat/VSA bab/NSD yang/S-- membahas/VSA pengolahan/NSD data/NSD ,/Z-- yaitu/R-- bagian/NSD","Pada/R-- penulisan/NSV makalah/NSD terdapat/VBI bab/NSD yang/S-- membahas/VBT pengolahan/NSV data/NSD ,/Z-- yaitu/O-- bagian/NSD"
"Saat Anda menulis makalah, bagian yang membahas pengolahan data disebut",009v003,"0,75",1,"Saat/NSD Anda/PS2 menulis/VSA makalah/NSD ,/Z-- bagian/NSD yang/S-- membahas/VSA pengolahan/NSD data/NSD disebut/VSP","Saat/R-- Anda/G-- menulis/VSA makalah/NSD ,/Z-- bagian/NSD yang/S-- membahas/VSA pengolahan/NSD data/NSD disebut/VSP","Saat/NSD Anda/PRP menulis/VBT makalah/NSD ,/Z-- bagian/NSD yang/S-- membahas/VBT pengolahan/NSV data/NSD disebut/VSP"
"Sampai saat ini, tidak ada obat untuk penyakit AIDS. Para ahli melakukan penelitian untuk memahami aktivitas Virus HIV di tingkat organisasi kehidupan, yaitu",010v001,"0,25",3,"Sampai/R-- saat/NSD ini/B-- ,/Z-- tidak/G-- ada/ASP obat/NSD untuk/R-- penyakit/NSD AIDS/F-- ./Z-- Para/B-- ahli/NSD melakukan/VSA penelitian/NSD untuk/R-- memahami/VSA aktivitas/NSD Virus/F-- HIV/X-- di/R-- tingkat/NSD organisasi/NSD kehidupan/NSD ,/Z-- yaitu/O--","Sampai/R-- saat/NSD ini/R-- ,/Z-- tidak/R-- ada/VSB obat/NSB untuk/R-- penyakit/NSB AIDS/NSB ./Z-- Para/PRN ahli/NSB melakukan/VSA penelitian/NSB untuk/R-- memahami/VSA aktivitas/NSB Virus/NSB HIV/NSB di/R-- tingkat/NSB organisasi/NSB kehidupan/NSB ,/Z-- yaitu/R--","Sampai/R-- saat/NSD ini/PRD ,/Z-- tidak/ADV ada/VBI obat/NSD untuk/R-- penyakit/NSD AIDS/X-- ./Z-- Para/DET ahli/NSD melakukan/VBT penelitian/NSD untuk/R-- memahami/VBT aktivitas/NSD Virus/NSD HIV/NSD di/PRD tingkat/NSD organisasi/NSD kehidupan/NSD ,/Z-- yaitu/O--"
"Saat ini, belum ada obat yang efektif untuk AIDS. Ahli sedang melakukan penelitian untuk memahami aktivitas Virus HIV pada tingkat kehidupan, yakni",010v002,"0,25",3,"Saat/NSD ini/B-- ,/Z-- belum/G-- ada/ASP obat/NSD yang/S-- efektif/ASP untuk/R-- AIDS/X-- ./Z-- Ahli/NSD sedang/D-- melakukan/VSA penelitian/NSD untuk/R-- memahami/VSA aktivitas/NSD Virus/F-- HIV/X-- pada/R-- tingkat/NSD kehidupan/NSD ,/Z-- yakni/O--","Saat/R-- ini/T-- ,/Z-- belum/B-- ada/VSA obat/NSD yang/S-- efektif/ASP untuk/R-- AIDS/X-- ./Z-- Ahli/NSD sedang/B-- melakukan/VSA penelitian/NSD untuk/R-- memahami/VSA aktivitas/NSD Virus/X-- HIV/X-- pada/R-- tingkat/NSD kehidupan/NSD ,/Z-- yakni/R--","Saat/NSD ini/PRD ,/Z-- belum/ADV ada/VBI obat/NSD yang/S-- efektif/ADJ untuk/R-- AIDS/NSD ./Z-- Ahli/NSD sedang/ADV melakukan/VBT penelitian/NSD untuk/R-- memahami/VBT aktivitas/NSD Virus/NSD HIV/NSD pada/R-- tingkat/NSD kehidupan/NSD ,/Z-- yakni/O--"
"Sampai sekarang, belum ada obat yang tersedia untuk AIDS. Penelitian sedang dilakukan oleh para ahli untuk memahami aktivitas Virus HIV di tingkat organisasi kehidupan, yaitu",010v003,"0,57",2,"Sampai/R-- sekarang/D-- ,/Z-- belum/G-- ada/ASP obat/NSD yang/S-- tersedia/ASP untuk/R-- AIDS/F-- ./Z-- Penelitian/NSD sedang/D-- dilakukan/VSP oleh/R-- para/B-- ahli/NSD untuk/R-- memahami/VSA aktivitas/NSD Virus/F-- HIV/X-- di/R-- tingkat/NSD organisasi/NSD kehidupan/NSD ,/Z-- yaitu/O--","Sampai/R-- sekarang/T-- ,/Z-- belum/B-- ada/VSA obat/NSD yang/S-- tersedia/ASP untuk/R-- AIDS/X-- ./Z-- Penelitian/NSD sedang/B-- dilakukan/VSP oleh/R-- para/G-- ahli/NSD untuk/R-- memahami/VSA aktivitas/NSD Virus/X-- HIV/X-- di/R-- tingkat/NSD organisasi/NSD kehidupan/NSD ,/Z-- yaitu/R--","Sampai/R-- sekarang/NSD ,/Z-- belum/ADV ada/VBI obat/NSD yang/S-- tersedia/VBI untuk/R-- AIDS/NSD ./Z-- Penelitian/NSD sedang/ADV dilakukan/VSP oleh/R-- para/DET ahli/NSD untuk/R-- memahami/VBT aktivitas/NSD Virus/NSD HIV/NSD di/PRD tingkat/NSD organisasi/NSD kehidupan/NSD ,/Z-- yaitu/O--"
Dinding sel bakteri terbuat dari campuran polisakarida dan protein. Campuran ini disebut dengan,011v001,"0,77",1,Dinding/NSD sel/NSD bakteri/NSD terbuat/VSP dari/R-- campuran/NSD polisakarida/X-- dan/H-- protein/NSD ./Z-- Campuran/NSD ini/B-- disebut/VSP dengan/R--,Dinding/NSD sel/NSD bakteri/NSD terbuat/VSP dari/R-- campuran/NSD polisakarida/X-- dan/CC- protein/X-- ./Z-- Campuran/NSD ini/T-- disebut/VSP dengan/R--,Dinding/NSD sel/NSD bakteri/NSD terbuat/VSP dari/R-- campuran/NSD polisakarida/NSD dan/CCA protein/NSD ./Z-- Campuran/NSD ini/PRD disebut/VSP dengan/R--
Dinding sel bakteri terbentuk dari kombinasi polisakarida dan protein. Kombinasi ini dikenal sebagai,011v002,"0,67",2,Dinding/NSD sel/NSD bakteri/NSD terbentuk/VSP dari/R-- kombinasi/NSD polisakarida/X-- dan/H-- protein/NSD ./Z-- Kombinasi/NSD ini/B-- dikenal/VSP sebagai/R--,Dinding/NSD sel/NSD bakteri/NSD terbentuk/VSP dari/R-- kombinasi/NSD polisakarida/X-- dan/CC- protein/X-- ./Z-- Kombinasi/NSD ini/T-- dikenal/VSP sebagai/R--,Dinding/NSD sel/NSD bakteri/NSD terbentuk/VSP dari/R-- kombinasi/NSD polisakarida/NSD dan/CCA protein/NSD ./Z-- Kombinasi/NSD ini/PRD dikenal/VSP sebagai/ADV
Dinding sel bakteri terdiri dari polisakarida dan protein yang bergabung. Gabungan ini disebut,011v003,"0,33",2,Dinding/NSD sel/NSD bakteri/NSD terdiri/VSP dari/R-- polisakarida/X-- dan/H-- protein/NSD yang/S-- bergabung/VSA ./Z-- Gabungan/NSD ini/B-- disebut/VSP,Dinding/NSD sel/NSD bakteri/NSD terdiri/VSA dari/R-- polisakarida/X-- dan/CC- protein/X-- yang/S-- bergabung/VSA ./Z-- Gabungan/NSD ini/T-- disebut/VSP,Dinding/NSD sel/NSD bakteri/NSD terdiri/VBI dari/R-- polisakarida/NSD dan/CCA protein/NSD yang/S-- bergabung/VBI ./Z-- Gabungan/NSD ini/PRD disebut/VSP
Film Hollywood terkenal Jurassic Park bercerita tentang kehidupan hewan purba. Ilmu biologi yang digunakan adalah,012v001,"0,53",2,Film/NSD Hollywood/F-- terkenal/VSP Jurassic/F-- Park/F-- bercerita/VSA tentang/VSA kehidupan/NSD hewan/NSD purba/ASP ./Z-- Ilmu/NSD biologi/NSD yang/S-- digunakan/VSP adalah/O--,Film/NSD Hollywood/X-- terkenal/ASP Jurassic/X-- Park/X-- bercerita/VSA tentang/R-- kehidupan/NSD hewan/NSD purba/ASP ./Z-- Ilmu/NSD biologi/NSD yang/S-- digunakan/VSP adalah/VSA,Film/NSD Hollywood/NSP terkenal/ADJ Jurassic/F-- Park/F-- bercerita/VBI tentang/R-- kehidupan/NSD hewan/NSD purba/ADJ ./Z-- Ilmu/NSD biologi/NSD yang/S-- digunakan/VSP adalah/VBL
Pembuatan film Jurassic Park yang terkenal di Hollywood menceritakan tentang hewan-hewan purba. Ilmu biologi yang terlibat adalah,012v002,"0,17",3,Pembuatan/NSD film/NSD Jurassic/F-- Park/F-- yang/S-- terkenal/VSP di/R-- Hollywood/F-- menceritakan/VSA tentang/VSA hewan-hewan/NSD PAD/PAD PAD/PAD purba/ASP ./Z-- Ilmu/NSD biologi/NSD yang/S-- terlibat/VSP adalah/O--,Pembuatan/NSD film/NSD Jurassic/X-- Park/X-- yang/S-- terkenal/ASP di/R-- Hollywood/X-- menceritakan/VSA tentang/R-- hewan-hewan/NSD PAD/PAD PAD/PAD purba/ASP ./Z-- Ilmu/NSD biologi/NSD yang/S-- terlibat/VSP adalah/VSA,Pembuatan/NSV film/NSD Jurassic/F-- Park/F-- yang/S-- terkenal/ADJ di/PRD Hollywood/NSP menceritakan/VBT tentang/R-- hewan/NSD -/Z-- hewan/NSD purba/NSD ./Z-- Ilmu/NSD biologi/NSD yang/S-- terlibat/VBL adalah/VBL
"Jurassic Park, film Hollywood terkenal, mengisahkan kehidupan hewan purba. Ilmu biologi yang berperan adalah",012v003,"0,50",2,"Jurassic/F-- Park/F-- ,/Z-- film/NSD Hollywood/F-- terkenal/VSP ,/Z-- mengisahkan/VSA kehidupan/NSD hewan/NSD purba/ASP ./Z-- Ilmu/NSD biologi/NSD yang/S-- berperan/VSA adalah/O--","Jurassic/X-- Park/X-- ,/Z-- film/NSD Hollywood/X-- terkenal/ASP ,/Z-- mengisahkan/VSA kehidupan/NSD hewan/NSD purba/ASP ./Z-- Ilmu/NSD biologi/NSD yang/S-- berperan/VSA adalah/VSA","Jurassic/F-- Park/F-- ,/Z-- film/NSD Hollywood/NSP terkenal/ADJ ,/Z-- mengisahkan/VBT kehidupan/NSD hewan/NSD purba/ADJ ./Z-- Ilmu/NSD biologi/NSD yang/Z-- berperan/VBI adalah/VBL"
Manfaat biologi di bidang peternakan adalah,014v001,"0,39",2,Manfaat/NSD biologi/NSD di/R-- bidang/NSD peternakan/NSD adalah/O--,Manfaat/NSD biologi/NSD di/R-- bidang/NSD peternakan/NSD adalah/VSA,Manfaat/NSD biologi/NSD di/PRD bidang/NSD peternakan/NSD adalah/VBL
Berikut manfaat biologi di bidang peternakan adalah,014v002,"0,07",3,Berikut/VSA manfaat/NSD biologi/NSD di/R-- bidang/NSD peternakan/NSD adalah/O--,Berikut/NSD manfaat/NSD biologi/NSD di/R-- bidang/NSD peternakan/NSD adalah/VSA,Berikut/ADJ manfaat/NSD biologi/NSD di/PRD bidang/NSD peternakan/NSD adalah/VBL
Biologi memberikan manfaat berikut dalam peternakan,014v003,"0,83",1,Biologi/NSD memberikan/VSA manfaat/NSD berikut/VSA dalam/ASP peternakan/NSD,Biologi/NSD memberikan/VSA manfaat/NSD berikut/NSD dalam/R-- peternakan/NSD,Biologi/NSD memberikan/VBT manfaat/NSD berikut/ADJ dalam/R-- peternakan/NSD
Peneliti mengamati perilaku harimau Sumatera. Pengamatan ini dilakukan pada tingkat,015v001,"0,39",2,Peneliti/NSD mengamati/VSA perilaku/NSD harimau/X-- Sumatera/NSD ./Z-- Pengamatan/NSD ini/B-- dilakukan/VSP pada/R-- tingkat/NSD,Peneliti/NSD mengamati/VSA perilaku/NSD harimau/NSD Sumatera/X-- ./Z-- Pengamatan/NSD ini/T-- dilakukan/VSP pada/R-- tingkat/NSD,Peneliti/NSD mengamati/VBT perilaku/NSD harimau/NSD Sumatera/NSP ./Z-- Pengamatan/NSD ini/PRD dilakukan/VSP pada/R-- tingkat/NSD
Sekelompok peneliti melakukan pengamatan terhadap perilaku sekumpulan harimau Sumatera (Panthera tigris sumatrae). Pengamatan yang dilakukan oleh sekelompok ini dilakukan pada tingkat,015v002,"0,67",2,Sekelompok/ASP peneliti/NSD melakukan/VSA pengamatan/NSD terhadap/R-- perilaku/NSD sekumpulan/X-- harimau/X-- Sumatera/NSD (/Z-- Panthera/X-- tigris/X-- sumatrae/X-- )/Z-- ./Z-- Pengamatan/NSD yang/S-- dilakukan/VSP oleh/R-- sekelompok/ASP ini/B-- dilakukan/VSP pada/R-- tingkat/NSD,Sekelompok/NSD peneliti/NSD melakukan/VSA pengamatan/NSD terhadap/R-- perilaku/NSD sekumpulan/NSD harimau/NSD Sumatera/X-- (/Z-- Panthera/X-- tigris/X-- sumatrae/X-- )/Z-- ./Z-- Pengamatan/NSD yang/S-- dilakukan/VSP oleh/R-- sekelompok/NSD ini/T-- dilakukan/VSP pada/R-- tingkat/NSD,Sekelompok/NUM peneliti/NSD melakukan/VBT pengamatan/NSD terhadap/R-- perilaku/NSD sekumpulan/NUM harimau/NSD Sumatera/NSP (/Z-- Panthera/F-- tigris/F-- sumatrae/F-- )/Z-- ./Z-- Pengamatan/NSD yang/S-- dilakukan/VBT oleh/R-- sekelompok/NUM ini/PRD dilakukan/VSP pada/R-- tingkat/NSD
Peneliti mempelajari perilaku harimau Sumatera. Studi ini dilakukan pada tingkat,015v003,"0,67",2,Peneliti/NSD mempelajari/VSA perilaku/NSD harimau/X-- Sumatera/NSD ./Z-- Studi/NSD ini/B-- dilakukan/VSP pada/R-- tingkat/NSD,Peneliti/NSD mempelajari/VSA perilaku/NSD harimau/NSD Sumatera/X-- ./Z-- Studi/NSD ini/T-- dilakukan/VSP pada/R-- tingkat/NSD,Peneliti/NSD mempelajari/VBT perilaku/NSD harimau/NSD Sumatera/NSP ./Z-- Studi/NSD ini/PRD dilakukan/VSP pada/R-- tingkat/NSD
Tumbuhan yang termasuk dalam tingkatan satu gen adalah,018v001,"0,57",2,Tumbuhan/NSD yang/S-- termasuk/R-- dalam/ASP tingkatan/NSD satu/CC- gen/NSD adalah/O--,Tumbuhan/NSD yang/S-- termasuk/VSA dalam/R-- tingkatan/NSD satu/O-- gen/NSD adalah/VSA,Tumbuhan/NSD yang/S-- termasuk/VBI dalam/R-- tingkatan/NSD satu/NUM gen/NSD adalah/VBL
Kelompok tumbuhan yang merupakan tingkatan satu gen adalah,018v002,"0,71",1,Kelompok/NSD tumbuhan/NSD yang/S-- merupakan/O-- tingkatan/NSD satu/CC- gen/NSD adalah/O--,Kelompok/NSD tumbuhan/NSD yang/S-- merupakan/VSA tingkatan/NSD satu/O-- gen/NSD adalah/VSA  ,Kelompok/NUM tumbuhan/NSD yang/S-- merupakan/VBL tingkatan/NSD satu/NUM gen/NSD adalah/VBL
Kelompok tumbuhan di tingkatan satu gen adalah,018v003,"0,50",2,Kelompok/NSD tumbuhan/NSD di/R-- tingkatan/NSD satu/CC- gen/NSD adalah/O--,Kelompok/NSD tumbuhan/NSD di/R-- tingkatan/NSD satu/O-- gen/NSD adalah/VSA  ,Kelompok/NUM tumbuhan/NSD di/PRD tingkatan/NSD satu/NUM gen/NSD adalah/VBL
Beberapa bakteri hidup bebas di lingkungan dan bisa membuat makanannya sendiri. Sifat hidup seperti ini disebut,022v001,"0,59",2,Beberapa/B-- bakteri/NSD hidup/NSD bebas/ASP di/R-- lingkungan/NSD dan/H-- bisa/M-- membuat/VSA makanan/NSD nya/PS3 sendiri/ASP ./Z-- Sifat/NSD hidup/NSD seperti/R-- ini/B-- disebut/VSP,Beberapa/O-- bakteri/NSD hidup/VSA bebas/ASP di/R-- lingkungan/NSD dan/CC- bisa/VSA membuat/VSA makanannya/NSD PAD/PAD sendiri/ASP ./Z-- Sifat/NSD hidup/VSA seperti/R-- ini/T-- disebut/VSP  ,Beberapa/NUM bakteri/NSD hidup/VBI bebas/ADJ di/PRD lingkungan/NSD dan/CCA bisa/VSA membuat/VBT makanan/NSD nya/PRF sendiri/ADJ ./Z-- Sifat/NSD hidup/VBI seperti/R-- ini/PRD disebut/VSP
Bakteri tertentu dapat hidup bebas di lingkungan dan membuat makanannya sendiri. Sifat hidup seperti ini disebut,022v002,"0,60",2,Bakteri/NSD tertentu/B-- dapat/VSA hidup/NSD bebas/ASP di/R-- lingkungan/NSD dan/H-- membuat/VSA makanan/NSD nya/PS3 sendiri/ASP ./Z-- Sifat/NSD hidup/NSD seperti/R-- ini/B-- disebut/VSP,Bakteri/NSD tertentu/ASP dapat/VSA hidup/VSA bebas/ASP di/R-- lingkungan/NSD dan/CC- membuat/VSA makanannya/NSD PAD/PAD sendiri/ASP ./Z-- Sifat/NSD hidup/VSA seperti/R-- ini/T-- disebut/VSP  ,Bakteri/NSD tertentu/B-- dapat/VSA hidup/VBI bebas/ADJ di/R-- lingkungan/NSD dan/R-- membuat/VBT makanan/NSD nya/PRF sendiri/ADJ ./Z-- Sifat/NSD hidup/VBI seperti/R-- ini/PRD disebut/VSP
Sebagian bakteri hidup bebas di lingkungan dan dapat menyintesis makanannya sendiri. Sifat hidup seperti ini disebut,022v003,"0,86",1,Sebagian/ASP bakteri/NSD hidup/NSD bebas/ASP di/R-- lingkungan/NSD dan/H-- dapat/VSA menyintesis/VSA makanan/NSD nya/PS3 sendiri/ASP ./Z-- Sifat/NSD hidup/NSD seperti/R-- ini/B-- disebut/VSP,Sebagian/O-- bakteri/NSD hidup/VSA bebas/ASP di/R-- lingkungan/NSD dan/CC- dapat/VSA menyintesis/VSA makanannya/NSD PAD/PAD sendiri/ASP ./Z-- Sifat/NSD hidup/VSA seperti/R-- ini/T-- disebut/VSP  ,Sebagian/NUM bakteri/NSD hidup/NSD bebas/ADJ di/PRD lingkungan/NSD dan/CCA dapat/VSA menyintesis/VBT makanan/NSD nya/PRF sendiri/ADV ./Z-- Sifat/NSD hidup/VBI seperti/R-- ini/PRD disebut/VSP
Bakteri ini membantu dalam pertanian dengan hidup bersama akar tumbuhan kacang-kacangan. Bakteri ini adalah,028v001,"0,36",2,Bakteri/NSD ini/B-- membantu/VSA dalam/ASP pertanian/NSD dengan/R-- hidup/NSD bersama/VSA akar/NSD tumbuhan/NSD kacang-kacangan/NSD PAD/PAD PAD/PAD  ./Z-- Bakteri/NSD ini/B-- adalah/O--,Bakteri/NSD ini/T-- membantu/VSA dalam/R-- pertanian/NSD dengan/R-- hidup/VSA bersama/R-- akar/NSD tumbuhan/NSD kacang-kacangan/NSD PAD/PAD PAD/PAD ./Z-- Bakteri/NSD ini/T-- adalah/VSA  ,Bakteri/NSD ini/PRD membantu/VBT dalam/R-- pertanian/NSD dengan/R-- hidup/VBI bersama/R-- akar/NSD tumbuhan/NSD kacang/NSD -/Z-- kacangan/NSD ./Z-- Bakteri/NSD ini/PRD adalah/VBL
Bakteri ini berkolaborasi dengan akar tumbuhan kacang-kacangan untuk meningkatkan hasil pertanian. Bakteri ini disebut,028v002,"0,50",2,Bakteri/NSD ini/B-- berkolaborasi/VSA dengan/R-- akar/NSD tumbuhan/NSD kacang-kacangan/NSD PAD/PAD PAD/PAD untuk/R-- meningkatkan/VSA hasil/NSD pertanian/NSD ./Z-- Bakteri/NSD ini/B-- disebut/VSP,Bakteri/NSD ini/T-- berkolaborasi/VSA dengan/R-- akar/NSD tumbuhan/NSD kacang-kacangan/NSD PAD/PAD PAD/PAD untuk/R-- meningkatkan/VSA hasil/NSD pertanian/NSD ./Z-- Bakteri/NSD ini/T-- disebut/VSP  ,Bakteri/NSD ini/PRD berkolaborasi/VBI dengan/R-- akar/NSD tumbuhan/NSD kacang/NSD -/Z-- kacangan/NSD untuk/R-- meningkatkan/VBT hasil/NSD pertanian/NSD ./Z-- Bakteri/NSD ini/PRD disebut/VSP
Bakteri ini bekerja sama dengan akar tumbuhan kacang-kacangan untuk memperbaiki hasil pertanian. Bakteri ini adalah,028v003,"0,29",3,Bakteri/NSD ini/B-- bekerja/VSA sama/ASP dengan/R-- akar/NSD tumbuhan/NSD kacang-kacangan/NSD PAD/PAD PAD/PAD untuk/R-- memperbaiki/VSA hasil/NSD pertanian/NSD ./Z-- Bakteri/NSD ini/B-- adalah/O--,Bakteri/NSD ini/T-- bekerja/VSA sama/ASP dengan/R-- akar/NSD tumbuhan/NSD kacang-kacangan/NSD PAD/PAD PAD/PAD untuk/R-- memperbaiki/VSA hasil/NSD pertanian/NSD ./Z-- Bakteri/NSD ini/T-- adalah/VSA,Bakteri/NSD ini/PRD bekerja/VBI sama/R-- dengan/R-- akar/NSD tumbuhan/NSD kacang/NSD -/Z-- kacangan/NSD untuk/R-- memperbaiki /VBT hasil/NSD pertanian/NSD ./Z-- Bakteri/NSD ini/PRD adalah/VBL
Hewan-hewan yang termasuk dalam fauna tipe Australis adalah,030v001,"0,67",2,Hewan-hewan/NSD PAD/PAD PAD/PAD yang/S-- termasuk/R-- dalam/ASP fauna/F-- tipe/NSD Australis/X-- adalah/O--,Hewan-hewan/NSD PAD/PAD PAD/PAD yang/S-- termasuk/VSA dalam/R-- fauna/NSD tipe/NSD Australis/X-- adalah/VSA  ,Hewan/NSD -/Z-- hewan/NSD yang/S-- termasuk/VBI dalam/R-- fauna/NSD tipe/NSD Australis/F-- adalah/VBL
Contoh hewan yang merupakan bagian dari fauna tipe Australis adalah,030v002,"0,60",2,Contoh/NSD hewan/NSD yang/S-- merupakan/O-- bagian/NSD dari/R-- fauna/F-- tipe/NSD Australis/X-- adalah/O--,Contoh/NSD hewan/NSD yang/S-- merupakan/VSA bagian/NSD dari/R-- fauna/NSD tipe/NSD Australis/X-- adalah/VSA  ,Contoh/NSD hewan/NSD yang/S-- merupakan/VBL bagian/NSD dari/R-- fauna/NSD tipe/NSD Australis/F-- adalah/VBL
Fauna tipe Australis mencakup hewan-hewan seperti,030v003,"1,00",1,Fauna/X-- tipe/NSD Australis/X-- mencakup/VSA hewan-hewan/NSD PAD/PAD PAD/PAD seperti/R--,Fauna/NSD tipe/NSD Australis/X-- mencakup/VSA hewan-hewan/NSD PAD/PAD PAD/PAD seperti/R--  ,Fauna/NSD tipe/NSD Australis/F-- mencakup/VBT hewan/NSD -/Z-- hewan/NSD seperti/R--
Garis yang membatasi jenis hewan di Indonesia bagian timur dari bagian tengah adalah,031v001,"0,43",2,Garis/NSD yang/S-- membatasi/VSA jenis/NSD hewan/NSD di/R-- Indonesia/NSD bagian/NSD timur/NSD dari/R-- bagian/NSD tengah/NSD adalah/O--,Garis/NSD yang/S-- membatasi/VSA jenis/NSD hewan/NSD di/R-- Indonesia/X-- bagian/NSD timur/NSD dari/R-- bagian/NSD tengah/NSD adalah/VSA  ,Garis/NSD yang/S-- membatasi/VBT jenis/NSD hewan/NSD di/PRD Indonesia/NSP bagian/NSD timur/NSP dari/R-- bagian/NSD tengah/NSP adalah/VBL
Garis yang memisahkan jenis hewan di timur dan tengah Indonesia adalah,031v002,"0,67",2,Garis/NSD yang/S-- memisahkan/VSA jenis/NSD hewan/NSD di/R-- timur/NSD dan/H-- tengah/NSD Indonesia/NSD adalah/O--,Garis/NSD yang/S-- memisahkan/VSA jenis/NSD hewan/NSD di/R-- timur/NSD dan/CC- tengah/NSD Indonesia/X-- adalah/VSA  ,Garis/NSD yang/S-- memisahkan/VBT jenis/NSD hewan/NSD di/PRD timur/NSP dan/CCA tengah/NSP Indonesia/NSP adalah/VBL
Garis pemisah antara fauna (hewan) di Indonesia bagian timur dan bagian tengah adalah,031v003,"0,60",2,Garis/NSD pemisah/NSD antara/R-- fauna/F-- (/Z-- hewan/NSD )/Z-- di/R-- Indonesia/NSD bagian/NSD timur/NSD dan/H-- bagian/NSD tengah/NSD adalah/O--,Garis/NSD pemisah/NSD antara/R-- fauna/NSD (/Z-- hewan/NSD )/Z-- di/R-- Indonesia/X-- bagian/NSD timur/NSD dan/CC- bagian/NSD tengah/NSD adalah/VSA  ,Garis/NSD pemisah/NSD antara/R-- fauna/NSD (/Z-- hewan/NSD )/Z-- di/PRD Indonesia/NSP bagian/NSD timur/NSP dan/CCA bagian/NSD tengah/NSP adalah/VBL
Tanaman yang khas di Indonesia bagian Timur termasuk,032v001,"0,36",2,Tanaman/NSD yang/S-- khas/ASP di/R-- Indonesia/NSD bagian/NSD Timur/NSD termasuk/R--,Tanaman/NSD yang/S-- khas/ASP di/R-- Indonesia/X-- bagian/NSD Timur/X-- termasuk/VSA  ,Tanaman/NSD yang/S-- khas/ADJ di/PRD Indonesia/NSP bagian/NSD Timur/NSP termasuk/VBI
Flora yang khas di wilayah Timur Indonesia meliputi,032v002,"0,25",3,Flora/X-- yang/S-- khas/ASP di/R-- wilayah/NSD Timur/NSD Indonesia/NSD meliputi/VSA,Flora/NSD yang/S-- khas/ASP di/R-- wilayah/NSD Timur/X-- Indonesia/X-- meliputi/VSA  ,Flora/NSD yang/S-- khas/ADJ di/PRD wilayah/NSD timur/NSP Indonesia/NSP meliputi/VBT
Tanaman-tanaman yang khas di bagian Timur Indonesia adalah,032v003,"0,22",3,Tanaman-tanaman/NSD PAD/PAD PAD/PAD yang/S-- khas/ASP di/R-- bagian/NSD Timur/NSD Indonesia/NSD adalah/O--,Tanaman-tanaman/NSD PAD/PAD PAD/PAD yang/S-- khas/ASP di/R-- bagian/NSD Timur/X-- Indonesia/X-- adalah/VSA  ,Tanaman/NSD -/Z-- tanaman/NSD yang/S-- khas/ADJ di/PRD bagian/NSD Timur/NSP Indonesia/NSP adalah/VBL
Pilihlah aktivitas manusia yang tidak bisa menyebabkan punahnya hewan atau tumbuhan,033v001,"0,58",2,Pilih/VSA lah/T-- aktivitas/NSD manusia/NSD yang/S-- tidak/G-- bisa/M-- menyebabkan/VSA punah/NSD nya/PS3 hewan/NSD atau/H-- tumbuhan/NSD,Pilihlah/VSA PAD/PAD aktivitas/NSD manusia/NSD yang/S-- tidak/B-- bisa/VSA menyebabkan/VSA punahnya/NSD PAD/PAD hewan/NSD atau/CC- tumbuhan/NSD  ,Pilih/VSA lah/T-- aktivitas/NSD manusia/NSD yang/S-- tidak/ADV bisa/VSA menyebabkan/VBT punah/ADJ nya/PRF hewan/NSD atau/R-- tumbuhan/NSD
Mana di antara aktivitas manusia berikut yang tidak dapat menyebabkan punahnya hewan atau tumbuhan,033v002,"0,57",2,Mana/NSD di/R-- antara/R-- aktivitas/NSD manusia/NSD berikut/VSA yang/S-- tidak/G-- dapat/VSA menyebabkan/VSA punah/NSD nya/PS3 hewan/NSD atau/H-- tumbuhan/NSD,Mana/H-- di/R-- antara/R-- aktivitas/NSD manusia/NSD berikut/NSD yang/S-- tidak/B-- dapat/VSA menyebabkan/VSA punahnya/NSD PAD/PAD hewan/NSD atau/CC- tumbuhan/NSD ,Mana/PRQ di/PRD antara/R-- aktivitas/NSD manusia/NSD berikut/ADJ yang/S-- tidak/ADV dapat/VSA menyebabkan/VBT punah/ADJ nya/PRF hewan/NSD atau/R-- tumbuhan/NSD
Pilihlah aktivitas manusia yang tidak berpotensi menyebabkan punahnya hewan atau tumbuhan,033v003,"0,50",2,Pilih/VSA lah/T-- aktivitas/NSD manusia/NSD yang/S-- tidak/G-- berpotensi/VSA menyebabkan/VSA punah/NSD nya/PS3 hewan/NSD atau/H-- tumbuhan/NSD,Pilihlah/VSA PAD/PAD aktivitas/NSD manusia/NSD yang/S-- tidak/B-- berpotensi/VSA menyebabkan/VSA punahnya/NSD PAD/PAD hewan/NSD atau/CC- tumbuhan/NSD  ,Pilih/VSA lah/T-- aktivitas/NSD manusia/NSD yang/S-- tidak/ADV berpotensi/VBI menyebabkan/VBT punah/ADJ nya/PRF hewan/NSD atau/R-- tumbuhan/NSD
Salah satu cara untuk menjaga keanekaragaman hayati adalah,034v001,"0,41",2,Salah/ASP satu/CC- cara/NSD untuk/R-- menjaga/VSA keanekaragaman/NSD hayati/NSD adalah/O--,Salah/ASP satu/O-- cara/NSD untuk/R-- menjaga/VSA keanekaragaman/NSD hayati/NSD adalah/VSA  ,Salah/DET satu/NUM cara/NSD untuk/R-- menjaga/VBT keanekaragaman/NSD hayati/ADJ adalah/VBL
Cara untuk menjaga keanekaragaman hayati adalah,034v002,"0,90",1,Cara/NSD untuk/R-- menjaga/VSA keanekaragaman/NSD hayati/NSD adalah/O--,Cara/NSD untuk/R-- menjaga/VSA keanekaragaman/NSD hayati/NSD adalah/VSA  ,Cara/NSD untuk/R-- menjaga/VBT keanekaragaman/NSD hayati/ADJ adalah/VBL
Upaya untuk mempertahankan keanekaragaman hayati adalah,034v003,"0,40",2,Upaya/NSD untuk/R-- mempertahankan/VSA keanekaragaman/NSD hayati/NSD adalah/O--,Upaya/NSD untuk/R-- mempertahankan/VSA keanekaragaman/NSD hayati/NSD adalah/VSA  ,Upaya/NSD untuk/R-- mempertahankan/VBT keanekaragaman/NSD hayati/ADJ adalah/VBL
Hal-hal yang membentuk keanekaragaman sifat manusia adalah,035v001,"0,41",2,Hal-hal/NSD PAD/PAD PAD/PAD yang/S-- membentuk/VSA keanekaragaman/NSD sifat/NSD manusia/NSD adalah/O--,Hal-hal/NSD PAD/PAD PAD/PAD yang/S-- membentuk/VSA keanekaragaman/NSD sifat/NSD manusia/NSD adalah/VSA  ,Hal/NSD -/Z-- hal/NSD yang/S-- membentuk/VBT keanekaragaman/NSD sifat/NSD manusia/NSD adalah/VBL
Faktor-faktor yang membentuk perbedaan sifat termasuk,036v002,"0,38",2,Faktor-faktor/NSD PAD/PAD PAD/PAD yang/S-- membentuk/VSA perbedaan/NSD sifat/NSD termasuk/R--,Faktor-faktor/NSD PAD/PAD PAD/PAD yang/S-- membentuk/VSA perbedaan/NSD sifat/NSD termasuk/VSA  ,Faktor/NSD -/Z-- faktor/NSD yang/S-- membentuk/VBT perbedaan/NSD sifat/NSD termasuk/VBI
Apa saja yang membentuk keanekaragaman adalah,036v003,"0,75",1,Apa/W-- saja/D-- yang/S-- membentuk/VSA keanekaragaman/NSD adalah/O--,Apa/H-- saja/B-- yang/S-- membentuk/VSA keanekaragaman/NSD adalah/VSA  ,Apa/PRQ saja/R-- yang/S-- membentuk/VBT keanekaragaman/NSD adalah/VBL
Dua individu dalam satu jenis memiliki faktor genetik yang sama tetapi memiliki ciri-ciri fisik yang berbeda. Hal ini bisa disebabkan oleh,037v001,"0,19",3,Dua/CC- individu/NSD dalam/ASP satu/CC- jenis/NSD memiliki/VSA faktor/NSD genetik/NSD yang/S-- sama/ASP tetapi/S-- memiliki/VSA ciri-ciri/NSD PAD/PAD PAD/PAD fisik/NSD yang/S-- berbeda/VSA ./Z-- Hal/NSD ini/B-- bisa/M-- disebabkan/VSP oleh/R--,Dua/O-- individu/NSD dalam/R-- satu/O-- jenis/NSD memiliki/VSA faktor/NSD genetik/ASP yang/S-- sama/ASP tetapi/CC- memiliki/VSA ciri-ciri/NSD PAD/PAD PAD/PAD fisik/ASP yang/S-- berbeda/ASP ./Z-- Hal/NSD ini/T-- bisa/VSA disebabkan/VSP oleh/R--  ,Dua/NUM individu/NSD dalam/R-- satu/NUM jenis/NSD memiliki/VBT faktor/NSD genetik/NSD yang/S-- sama/ADJ tetapi/CCS memiliki/VBT ciri/NSD -/Z-- ciri/NSD fisik/NSD yang/S-- berbeda/VBI ./Z-- Hal/NSD ini/PRD bisa/VSA disebabkan/VSP oleh/R--
Faktor genetik yang sama pada dua individu dari satu jenis namun dengan fenotip yang berbeda bisa disebabkan oleh,037v002,"0,80",1,Faktor/NSD genetik/NSD yang/S-- sama/ASP pada/R-- dua/CC- individu/NSD dari/R-- satu/CC- jenis/NSD namun/S-- dengan/R-- fenotip/NSD yang/S-- berbeda/VSA bisa/M-- disebabkan/VSP oleh/R--,Faktor/NSD genetik/ASP yang/S-- sama/ASP pada/R-- dua/O-- individu/NSD dari/R-- satu/O-- jenis/NSD namun/CC- dengan/R-- fenotip/NSD yang/S-- berbeda/ASP bisa/VSA disebabkan/VSP oleh/R--  ,Faktor/NSD genetik/NSD yang/S-- sama/ADJ pada/R-- dua/NUM individu/NSD dari/R-- satu/NUM jenis/NSD namun/CCS dengan/R-- fenotip/NSD yang/S-- berbeda/VBI bisa/VSA disebabkan/VSP oleh/R--
Alasan dua individu dari satu jenis memiliki genetika yang serupa tetapi fenotip yang berbeda bisa karena,037v003,"0,57",2,Alasan/NSD dua/CC- individu/NSD dari/R-- satu/CC- jenis/NSD memiliki/VSA genetika/NSD yang/S-- serupa/ASP tetapi/S-- fenotip/NSD yang/S-- berbeda/VSA bisa/M-- karena/S--,Alasan/NSD dua/O-- individu/NSD dari/R-- satu/O-- jenis/NSD memiliki/VSA genetika/NSD yang/S-- serupa/ASP tetapi/CC- fenotip/NSD yang/S-- berbeda/ASP bisa/VSA karena/R--  ,Alasan/NSD dua/NUM individu/NSD dari/R-- satu/NUM jenis/NSD memiliki/VBT genetika/NSD yang/S-- serupa/ADJ tetapi/CCS fenotip/NSD yang/S-- berbeda/VBI bisa/VSA karena/R--
Contoh tingkat keanekaragaman jenis adalah,038v001,"0,77",1,Contoh/NSD tingkat/NSD keanekaragaman/NSD jenis/NSD adalah/O--,Contoh/NSD tingkat/NSD keanekaragaman/NSD jenis/NSD adalah/VSA  ,Contoh/NSD tingkat/NSD keanekaragaman/NSD jenis/NSD adalah/VBL
Kelompok yang merupakan tingkatan keanekaragaman jenis adalah,038v002,"0,63",2,Kelompok/NSD yang/S-- merupakan/O-- tingkatan/NSD keanekaragaman/NSD jenis/NSD adalah/O--,Kelompok/NSD yang/S-- merupakan/VSA tingkatan/NSD keanekaragaman/NSD jenis/NSD adalah/VSA  ,Kelompok/NUM yang/S-- merupakan/VBL tingkatan/NSD keanekaragaman/NSD jenis/NSD adalah/VBL
Contoh keanekaragaman jenis adalah,038v003,"0,75",1,Contoh/NSD keanekaragaman/NSD jenis/NSD adalah/O--,Contoh/NSD keanekaragaman/NSD jenis/NSD adalah/VSA  ,Contoh/NSD keanekaragaman/NSD jenis/NSD adalah/VBL
"Ekosistem di darat dengan curah hujan sedikit, penguapan tinggi, tanaman berdaun kecil dan jarum, serta hewan reptil, disebut sebagai",039v001,"0,27",3,"Ekosistem/X-- di/R-- darat/NSD dengan/R-- curah/VSA hujan/NSD sedikit/ASP ,/Z-- penguapan/NSD tinggi/ASP ,/Z-- tanaman/NSD berdaun/VSA kecil/ASP dan/H-- jarum/NSD ,/Z-- serta/H-- hewan/NSD reptil/X-- ,/Z-- disebut/VSP sebagai/R--","Ekosistem/NSD di/R-- darat/NSD dengan/R-- curah/NSD hujan/NSD sedikit/ASP ,/Z-- penguapan/NSD tinggi/ASP ,/Z-- tanaman/NSD berdaun/VSA kecil/ASP dan/CC- jarum/NSD ,/Z-- serta/CC- hewan/NSD reptil/NSD ,/Z-- disebut/VSP sebagai/R--  ","Ekosistem/NSD di/PRD darat/NSD dengan/R-- curah/NSD hujan/NSD sedikit/ADJ ,/Z-- penguapan/NSD tinggi/ADJ ,/Z-- tanaman/NSD berdaun/VBI kecil/ADJ dan/CCA jarum/NSD ,/Z-- serta/CCA hewan/NSD reptil/NSD ,/Z-- disebut/VSP sebagai/R--"
"Bioma yang terdapat di darat dengan sedikit hujan, banyak penguapan, tanaman kecil berdaun jarum, dan hewan seperti reptil, dikenal sebagai",039v002,"0,63",2,"Bioma/X-- yang/S-- terdapat/VSP di/R-- darat/NSD dengan/R-- sedikit/ASP hujan/NSD ,/Z-- banyak/B-- penguapan/NSD ,/Z-- tanaman/NSD kecil/ASP berdaun/VSA jarum/NSD ,/Z-- dan/H-- hewan/NSD seperti/R-- reptil/X-- ,/Z-- dikenal/VSP sebagai/R--","Bioma/NSD yang/S-- terdapat/VSA di/R-- darat/NSD dengan/R-- sedikit/ASP hujan/NSD ,/Z-- banyak/ASP penguapan/NSD ,/Z-- tanaman/NSD kecil/ASP berdaun/VSA jarum/NSD ,/Z-- dan/CC- hewan/NSD seperti/R-- reptil/NSD ,/Z-- dikenal/VSP sebagai/R--  ","Bioma/NSD yang/S-- terdapat/VBI di/PRD darat/NSD dengan/R-- sedikit/ADJ hujan/NSD ,/Z-- banyak/ADJ penguapan/NSD ,/Z-- tanaman/NSD kecil/ADJ berdaun/VBI jarum/NSD ,/Z-- dan/CCA hewan/NSD seperti/R-- reptil/NSD ,/Z-- dikenal/VSP sebagai/R--"
"Di darat, ekosistem dengan sedikit hujan, banyak penguapan, tanaman kecil berdaun jarum, dan reptil adalah contoh dari",039v003,"0,50",2,"Di/R-- darat/NSD ,/Z-- ekosistem/X-- dengan/R-- sedikit/ASP hujan/NSD ,/Z-- banyak/B-- penguapan/NSD ,/Z-- tanaman/NSD kecil/ASP berdaun/VSA jarum/NSD ,/Z-- dan/H-- reptil/X-- adalah/O-- contoh/NSD dari/R--","Di/R-- darat/NSD ,/Z-- ekosistem/NSD dengan/R-- sedikit/ASP hujan/NSD ,/Z-- banyak/ASP penguapan/NSD ,/Z-- tanaman/NSD kecil/ASP berdaun/VSA jarum/NSD ,/Z-- dan/CC- reptil/NSD adalah/VSA contoh/NSD dari/R--  ","Di/R-- darat/NSD ,/Z-- ekosistem/NSD dengan/R-- sedikit/ADJ hujan/NSD ,/Z-- banyak/ADJ penguapan/NSD ,/Z-- tanaman/NSD kecil/ADJ berdaun/VBI jarum/NSD ,/Z-- dan/CCA reptil/NSD adalah/VBL contoh/NSD dari/R--"
Tanaman Melanesia yang sering ditemukan di wilayah Indonesia Timur adalah,044v001,"0,53",2,Tanaman/NSD Melanesia/X-- yang/S-- sering/D-- ditemukan/VSP di/R-- wilayah/NSD Indonesia/NSD Timur/NSD adalah/O--,Tanaman/NSD Melanesia/NSD yang/S-- sering/B-- ditemukan/VSP di/R-- wilayah/NSD Indonesia/NSD Timur/NSD adalah/VSA  ,Tanaman/NSD Melanesia/NSP yang/S-- sering/ADJ ditemukan/VSP di/PRD wilayah/NSD Indonesia/NSP Timur/NSP adalah/VBL
Flora Melanesia yang banyak ada di bagian timur Indonesia adalah,044v002,"0,67",2,Flora/X-- Melanesia/X-- yang/S-- banyak/B-- ada/ASP di/R-- bagian/NSD timur/NSD Indonesia/NSD adalah/O--,Flora/NSD Melanesia/NSD yang/S-- banyak/B-- ada/VSA di/R-- bagian/NSD timur/NSD Indonesia/NSD adalah/VSA  ,Flora/NSD Melanesia/NSP yang/S-- banyak/ADJ ada/VBI di/PRD bagian/NSD timur/NSP Indonesia/NSP adalah/VBL
Tanaman-tanaman Melanesia yang tersebar luas di wilayah Indonesia Timur adalah,044v003,"0,40",2,Tanaman-tanaman/NSD PAD/PAD PAD/PAD Melanesia/X-- yang/S-- tersebar/VSP luas/ASP di/R-- wilayah/NSD Indonesia/NSD Timur/NSD adalah/O--,Tanaman-tanaman/NSD PAD/PAD PAD/PAD Melanesia/NSD yang/S-- tersebar/VSP luas/ASP di/R-- wilayah/NSD Indonesia/NSD Timur/NSD adalah/VSA  ,Tanaman/NSD -/Z-- tanaman/NSD Melanesia/NSP yang/S-- tersebar/VBI luas/ADJ di/PRD wilayah/NSD Indonesia/NSP timur/NSP adalah/VBL
Hewan-hewan khas Indonesia contohnya,045v001,"0,57",2,Hewan-hewan/NSD PAD/PAD PAD/PAD khas/ASP Indonesia/NSD contohnya/B-- PAD/PAD,Hewan-hewan/NSD PAD/PAD PAD/PAD khas/ASP Indonesia/NSD contoh/NSD -nya/G--  ,Hewan/NSD -/Z-- hewan/NSD khas/ADJ Indonesia/NSP contoh/NSD nya/PRF
Fauna unik yang hidup secara alami di Indonesia seperti,045v002,"0,40",2,Fauna/X-- unik/ASP yang/S-- hidup/NSD secara/R-- alami/ASP di/R-- Indonesia/NSD seperti/R--,Fauna/NSD unik/ASP yang/S-- hidup/VSA secara/B-- alami/ASP di/R-- Indonesia/NSD seperti/R--  ,Fauna/NSD unik/ADJ yang/S-- hidup/VBI secara/R-- alami/ADJ di/PRD Indonesia/NSP seperti/R--
Hewan endemik yang ada di Indonesia,045v003,"0,43",2,Hewan/NSD endemik/X-- yang/S-- ada/ASP di/R-- Indonesia/NSD,Hewan/NSD endemik/ASP yang/S-- ada/VSA di/R-- Indonesia/NSD  ,Hewan/NSD endemik/NSD yang/S-- ada/VBI di/PRD Indonesia/NSP
Sistem klasifikasi yang memperhitungkan hubungan kekerabatan adalah,047v001,"0,47",2,Sistem/NSD klasifikasi/NSD yang/S-- memperhitungkan/VSA hubungan/NSD kekerabatan/NSD adalah/O--,Sistem/NSD klasifikasi/NSD yang/S-- memperhitungkan/VSA hubungan/NSD kekerabatan/NSD adalah/VSA  ,Sistem/NSD klasifikasi/NSD yang/S-- memperhitungkan/VBT hubungan/NSD kekerabatan/NSD adalah/VBL
Cara klasifikasi yang memperhatikan hubungan kekerabatan disebut sebagai,047v002,"0,40",2,Cara/NSD klasifikasi/NSD yang/S-- memperhatikan/VSA hubungan/NSD kekerabatan/NSD disebut/VSP sebagai/R--,Cara/NSD klasifikasi/NSD yang/S-- memperhatikan/VSA hubungan/NSD kekerabatan/NSD disebut/VSP sebagai/R--  ,Cara/NSD klasifikasi/NSD yang/S-- memperhatikan/VBT hubungan/NSD kekerabatan/NSD disebut/VSP sebagai/R--
Sistem klasifikasi dengan memperhatikan hubungan kekerabatan disebut,047v003,"0,57",2,Sistem/NSD klasifikasi/NSD dengan/R-- memperhatikan/VSA hubungan/NSD kekerabatan/NSD disebut/VSP,Sistem/NSD klasifikasi/NSD dengan/R-- memperhatikan/VSA hubungan/NSD kekerabatan/NSD disebut/VSP  ,Sistem/NSD klasifikasi/NSD dengan/R-- memperhatikan/VBT hubungan/NSD kekerabatan/NSD disebut/VSP
Sistem klasifikasi pertama yang dikembangkan oleh ilmuwan adalah,050v001,"0,40",2,Sistem/NSD klasifikasi/NSD pertama/CO- yang/S-- dikembangkan/VSP oleh/R-- ilmuwan/NSM adalah/O--,Sistem/NSD klasifikasi/NSD pertama/O-- yang/S-- dikembangkan/VSP oleh/R-- ilmuwan/NSD adalah/VSA  ,Sistem/NSD klasifikasi/NSD pertama/ORD yang/S-- dikembangkan/VSP oleh/R-- ilmuwan/NSD adalah/VBL
Sistem klasifikasi awal yang dikembangkan oleh ilmuwan adalah,050v002,"0,50",2,Sistem/NSD klasifikasi/NSD awal/NSD yang/S-- dikembangkan/VSP oleh/R-- ilmuwan/NSM adalah/O--,Sistem/NSD klasifikasi/NSD awal/ASP yang/S-- dikembangkan/VSP oleh/R-- ilmuwan/NSD adalah/VSA  ,Sistem/NSD klasifikasi/NSD awal/NSD yang/S-- dikembangkan/VSP oleh/R-- ilmuwan/NSD adalah/VBL
Sistem klasifikasi pertama yang dikembangkan oleh ilmuwan adalah,050v003,"0,00",3,Sistem/NSD klasifikasi/NSD pertama/CO- yang/S-- dikembangkan/VSP oleh/R-- ilmuwan/NSM adalah/O--,Sistem/NSD klasifikasi/NSD pertama/O-- yang/S-- dikembangkan/VSP oleh/R-- ilmuwan/NSD adalah/VSA  ,Sistem/NSD klasifikasi/NSD pertama/ORD yang/S-- dikembangkan/VSP oleh/R-- ilmuwan/NSD adalah/VBL
"Sistem pengelompokan dapat disederhanakan dengan mempertimbangkan manfaatnya. Misalnya, tanaman seperti bunga mawar, melati, kuping gajah, dan aglonema dapat dikelompokkan bersama",058v001,"0,65",2,"Sistem/NSD pengelompokan/NSD dapat/VSA disederhanakan/VSP dengan/R-- mempertimbangkan/VSA manfaat/NSD nya/PS3 ./Z-- Misalnya/B-- PAD/PAD ,/Z-- tanaman/NSD seperti/R-- bunga/NSD mawar/NSD ,/Z-- melati/NSD ,/Z-- kuping/X-- gajah/F-- ,/Z-- dan/H-- aglonema/X-- dapat/VSA dikelompokkan/VSP bersama/VSA","Sistem/NSD pengelompokan/NSD dapat/VSA disederhanakan/VSP dengan/R-- mempertimbangkan/VSA manfaatnya/NSD PAD/PAD ./Z-- Misalnya/Y-- PAD/PAD ,/Z-- tanaman/NSD seperti/R-- bunga/NSD mawar/NSD ,/Z-- melati/NSD ,/Z-- kuping/NSD gajah/NSD ,/Z-- dan/CC- aglonema/NSD dapat/VSA dikelompokkan/VSP bersama/B--  ","Sistem/NSD pengelompokan/NSD dapat/VSA disederhanakan/VSP dengan/R-- mempertimbangkan/VBT manfaat/NSD nya/PRF ./Z-- Misal/NSD nya/PRF ,/Z-- tanaman/NSD seperti/R-- bunga/NSD mawar/NSD ,/Z-- melati/NSD ,/Z-- kuping/NSD gajah/NSD ,/Z-- dan/CCA aglonema/NSD dapat/VSA dikelompokkan/VSP bersama/R--"
"Pengklasifikasian sederhana dapat dilakukan berdasarkan manfaatnya. Sebagai contoh, tanaman seperti bunga mawar, melati, kuping gajah, dan aglonema dapat ditempatkan dalam satu kelompok",058v002,"1,00",1,"Pengklasifikasian/NSD sederhana/ASP dapat/VSA dilakukan/VSP berdasarkan/VSA manfaat/NSD nya/PS3 ./Z-- Sebagai/R-- contoh/NSD ,/Z-- tanaman/NSD seperti/R-- bunga/NSD mawar/NSD ,/Z-- melati/NSD ,/Z-- kuping/X-- gajah/F-- ,/Z-- dan/H-- aglonema/X-- dapat/VSA ditempatkan/VSP dalam/ASP satu/CC- kelompok/NSD","Pengklasifikasian/NSD sederhana/ASP dapat/VSA dilakukan/VSP berdasarkan/R-- manfaatnya/NSD PAD/PAD ./Z-- Sebagai/R-- contoh/NSD ,/Z-- tanaman/NSD seperti/R-- bunga/NSD mawar/NSD ,/Z-- melati/NSD ,/Z-- kuping/NSD gajah/NSD ,/Z-- dan/CC- aglonema/NSD dapat/VSA ditempatkan/VSP dalam/R-- satu/O-- kelompok/NSD  ","Pengklasifikasian/NSD sederhana/ADJ dapat/VSA dilakukan/VSP berdasarkan/R-- manfaat/NSD nya/PRF ./Z-- Sebagai/R-- contoh/NSD ,/Z-- tanaman/NSD seperti/R-- bunga/NSD mawar/NSD ,/Z-- melati/NSD ,/Z-- kuping/NSD gajah/NSD ,/Z-- dan/CCA aglonema/NSD dapat/VSA ditempatkan/VSP dalam/R-- satu/NUM kelompok/NUM"
"Sistem klasifikasi bisa lebih mudah dengan memperhatikan kegunaannya. Contohnya, tanaman seperti bunga mawar, melati, kuping gajah, dan aglonema dapat diatur dalam satu kelompok",058v003,"1,00",1,"Sistem/NSD klasifikasi/NSD bisa/M-- lebih/D-- mudah/ASP dengan/R-- memperhatikan/VSA kegunaan/NSD nya/PS3 ./Z-- Contohnya/B-- PAD/PAD ,/Z-- tanaman/NSD seperti/R-- bunga/NSD mawar/NSD ,/Z-- melati/NSD ,/Z-- kuping/X-- gajah/F-- ,/Z-- dan/H-- aglonema/X-- dapat/VSA diatur/VSP dalam/ASP satu/CC- kelompok/NSD","Sistem/NSD klasifikasi/NSD bisa/VSA lebih/B-- mudah/ASP dengan/R-- memperhatikan/VSA kegunaannya/NSD PAD/PAD ./Z-- Contohnya/NSD PAD/PAD ,/Z-- tanaman/NSD seperti/R-- bunga/NSD mawar/NSD ,/Z-- melati/NSD ,/Z-- kuping/NSD gajah/NSD ,/Z-- dan/CC- aglonema/NSD dapat/VSA diatur/VSP dalam/R-- satu/O-- kelompok/NSD  ","Sistem/NSD klasifikasi/NSD bisa/VSA lebih/ADV mudah/ADJ dengan/R-- memperhatikan/VBT kegunaan/NSD nya/PRF ./Z-- Contoh/NSD nya/PRF ,/Z-- tanaman/NSD seperti/R-- bunga/NSD mawar/NSD ,/Z-- melati/NSD ,/Z-- kuping/NSD gajah/NSD ,/Z-- dan/CCA aglonema/NSD dapat/VSA diatur/VSP dalam/R-- satu/NUM kelompok/NUM"
"Perhatikan beberapa hewan berikut : 1) Gorilla,  2) Kuda, 3) Kambing, 4) Orang utan, 5) Keledai, 6) Simpanse. Berdasarkan filogenik hubungan kekerabatan yang paling dekat adalah",059v001,"0,85",1,"Perhatikan/VSA beberapa/B-- hewan/NSD berikut/VSA :/Z-- 1/CC- )/Z-- Gorilla/X-- ,/Z-- 2/CC- )/Z-- Kuda/NSD ,/Z-- 3/CC- )/Z-- Kambing/NSD ,/Z-- 4/CC- )/Z-- Orang/NSD utan/F-- ,/Z-- 5/CC- )/Z-- Keledai/NSD ,/Z-- 6/CC- )/Z-- Simpanse/X-- ./Z-- Berdasarkan/VSA filogenik/NSD hubungan/NSD kekerabatan/NSD yang/S-- paling/D-- dekat/ASP adalah/O--","Perhatikan/VSA beberapa/O-- hewan/NSD berikut/ASP :/Z-- 1)/O-- PAD/PAD Gorilla/NSD ,/Z-- 2)/O-- PAD/PAD Kuda/NSD ,/Z-- 3)/O-- PAD/PAD Kambing/NSD ,/Z-- 4)/O-- PAD/PAD Orang/NSD utan/X-- ,/Z-- 5)/O-- PAD/PAD Keledai/NSD ,/Z-- 6)/O-- PAD/PAD Simpanse/NSD ./Z-- Berdasarkan/R-- filogenik/NSD hubungan/NSD kekerabatan/NSD yang/S-- paling/ASP dekat/ASP adalah/VSP  ","Perhatikan/VBI beberapa/NUM hewan/NSD berikut/ADV :/Z-- 1/CD )/Z-- Gorilla/NSD ,/Z-- 2/CD )/Z-- Kuda/NSD ,/Z-- 3/CD )/Z-- Kambing/NSD ,/Z-- 4/CD )/Z-- Orang/NSD utan/F-- ,/Z-- 5/CD )/Z-- Keledai/NSD ,/Z-- 6/CD )/Z-- Simpanse/NSD ./Z-- Berdasarkan/VBT filogenik/NSD hubungan/NSD kekerabatan/NSD yang/S-- paling/ADV dekat/ADJ adalah/VBL"
"Hewan dengan hubungan kekerabatan terdekat adalah 1) Gorilla,  2) Kuda, 3) Kambing, 4) Orang utan, 5) Keledai, 6) Simpanse. ",059v002,"0,90",1,"Hewan/NSD dengan/R-- hubungan/NSD kekerabatan/X-- terdekat/ASS adalah/O-- 1/CC- )/Z-- Gorilla/X-- ,/Z-- 2/CC- )/Z-- Kuda/NSD ,/Z-- 3/CC- )/Z-- Kambing/NSD ,/Z-- 4/CC- )/Z-- Orang/NSD utan/F-- ,/Z-- 5/CC- )/Z-- Keledai/NSD ,/Z-- 6/CC- )/Z-- Simpanse/X-- ./Z--","Hewan/NSD dengan/R-- hubungan/NSD kekerabatan/NSD terdekat/ASP adalah/VSP 1)/O-- PAD/PAD Gorilla/NSD ,/Z-- 2)/O-- PAD/PAD Kuda/NSD ,/Z-- 3)/O-- PAD/PAD Kambing/NSD ,/Z-- 4)/O-- PAD/PAD Orang/NSD utan/X-- ,/Z-- 5)/O-- PAD/PAD Keledai/NSD ,/Z-- 6)/O-- PAD/PAD Simpanse/NSD ./Z--","Hewan/NSD dengan/R-- hubungan/NSD kekerabatan/NSD terdekat/ADJ adalah/VBL 1/CD )/Z-- Gorilla/NSD ,/Z-- 2/CD )/Z-- Kuda/NSD ,/Z-- 3/CD )/Z-- Kambing/NSD ,/Z-- 4/CD )/Z-- Orang/NSD utan/F-- ,/Z-- 5/CD )/Z-- Keledai/NSD ,/Z-- 6/CD )/Z-- Simpanse/NSD ./Z--"
"Menurut filogeni, hewan yang paling dekat kekerabatannya adalah: 1) Gorilla,  2) Kuda, 3) Kambing, 4) Orang utan, 5) Keledai, 6) Simpanse. ",059v003,"0,58",2,"Menurut/R-- filogeni/X-- ,/Z-- hewan/NSD yang/S-- paling/D-- dekat/ASP kekerabatan/NSD nya/PS3 adalah/O-- :/Z-- 1/CC- )/Z-- Gorilla/X-- ,/Z-- 2/CC- )/Z-- Kuda/NSD ,/Z-- 3/CC- )/Z-- Kambing/NSD ,/Z-- 4/CC- )/Z-- Orang/NSD utan/F-- ,/Z-- 5/CC- )/Z-- Keledai/X-- ,/Z-- 6/CC- )/Z-- Simpanse/X-- ./Z--","Menurut/R-- filogeni/NSD ,/Z-- hewan/NSD yang/S-- paling/ASP dekat/ASP kekerabatannya/NSD PAD/PAD adalah/VSP :/Z-- 1)/O-- PAD/PAD Gorilla/NSD ,/Z-- 2)/O-- PAD/PAD Kuda/NSD ,/Z-- 3)/O-- PAD/PAD Kambing/NSD ,/Z-- 4)/O-- PAD/PAD Orang/NSD utan/X-- ,/Z-- 5)/O-- PAD/PAD Keledai/NSD ,/Z-- 6)/O-- PAD/PAD Simpanse/NSD ./Z--  ","Menurut/R-- filogeni/F-- ,/Z-- hewan/NSD yang/S-- paling/ADV dekat/ADJ kekerabatan/NSD nya/PRF adalah/VBL :/Z-- 1/CD )/Z-- Gorilla/NSD ,/Z-- 2/CD )/Z-- Kuda/NSD ,/Z-- 3/CD )/Z-- Kambing/NSD ,/Z-- 4/CD )/Z-- Orang/NSD utan/F-- ,/Z-- 5/CD )/Z-- Keledai/NSD ,/Z-- 6/CD )/Z-- Simpanse/NSD ./Z--"
Generasi sporofit pada tumbuhan lumut menghasilkan,062v001,"0,38",2,Generasi/NSD sporofit/X-- pada/R-- tumbuhan/NSD lumut/X-- menghasilkan/VSA,Generasi/NSD sporofit/NSD pada/R-- tumbuhan/NSD lumut/NSD menghasilkan/VSA  ,Generasi/NSD sporofit/NSD pada/R-- tumbuhan/NSD lumut/NSD menghasilkan/VBT
Sporofit pada tumbuhan lumut adalah generasi yang membuat,062v002,"0,50",2,Sporofit/X-- pada/R-- tumbuhan/NSD lumut/X-- adalah/O-- generasi/NSD yang/S-- membuat/VSA,Sporofit/NSD pada/R-- tumbuhan/NSD lumut/NSD adalah/VSP generasi/NSD yang/S-- membuat/VSA  ,Sporofit/F-- pada/R-- tumbuhan/NSD lumut/NSD adalah/VBL generasi/NSD yang/S-- membuat/VBT
"Pada tumbuhan lumut, sporofit adalah generasi yang menghasilkan",062v003,"0,71",1,"Pada/R-- tumbuhan/NSD lumut/X-- ,/Z-- sporofit/X-- adalah/O-- generasi/NSD yang/S-- menghasilkan/VSA","Pada/R-- tumbuhan/NSD lumut/NSD ,/Z-- sporofit/NSD adalah/VSP generasi/NSD yang/S-- menghasilkan/VSA  ","Pada/R-- tumbuhan/NSD lumut/NSD ,/Z-- sporofit/F-- adalah/VBL generasi/NSD yang/S-- menghasilkan/VBT"
"Tumbuhan lumut memiliki sistem reproduksi dalam satu pohon, yang berarti",064v001,"0,46",2,"Tumbuhan/NSD lumut/X-- memiliki/VSA sistem/NSD reproduksi/NSD dalam/ASP satu/CC- pohon/NSD ,/Z-- yang/S-- berarti/VSA","Tumbuhan/NSD lumut/NSD memiliki/VSA sistem/NSD reproduksi/NSD dalam/R-- satu/O-- pohon/NSD ,/Z-- yang/S-- berarti/VSA  ","Tumbuhan/NSD lumut/NSD memiliki/VBT sistem/NSD reproduksi/NSD dalam/R-- satu/NUM pohon/NSD ,/Z-- yang/S-- berarti/VBI"
"Tumbuhan lumut ada yang berumah satu, artinya ",064v002,"0,14",3,"Tumbuhan/NSD lumut/X-- ada/ASP yang/S-- berumah/VSA satu/CC- ,/Z-- arti/NSD nya/PS3","Tumbuhan/NSD lumut/NSD ada/VSA yang/S-- berumah/NSD satu/O-- ,/Z-- artinya/VSP PAD/PAD","Tumbuhan/NSD lumut/NSD ada/VBI yang/S-- berumah/VSA satu/NUM ,/Z-- arti/NSD nya/PRF"
Sistem reproduksi tumbuhan lumut adalah,064v003,"0,25",3,Sistem/NSD reproduksi/NSD tumbuhan/NSD lumut/X-- adalah/O--,Sistem/NSD reproduksi/NSD tumbuhan/NSD lumut/NSD adalah/VSP  ,Sistem/NSD reproduksi/NSD tumbuhan/NSD lumut/NSD adalah/VBL
"Pada tumbuhan lumut, bagian yang bertanggung jawab untuk menyerap air dan mineral adalah",067v001,"0,35",2,"Pada/R-- tumbuhan/NSD lumut/X-- ,/Z-- bagian/NSD yang/S-- bertanggung/VSA jawab/VSA untuk/R-- menyerap/VSA air/NSD dan/H-- mineral/F-- adalah/O--","Pada/R-- tumbuhan/NSD lumut/NSD ,/Z-- bagian/NSD yang/S-- bertanggung/ASP jawab/ASP untuk/R-- menyerap/VSA air/NSD dan/CC- mineral/NSD adalah/VSP  ","Pada/R-- tumbuhan/NSD lumut/NSD ,/Z-- bagian/NSD yang/S-- bertanggung/VBL jawab/VBL untuk/R-- menyerap/VBT air/NSD dan/R-- mineral/NSD adalah/VBL"
"Di tumbuhan lumut, yang berperan untuk menyerap air dan mineral adalah",067v002,"0,50",2,"Di/R-- tumbuhan/NSD lumut/X-- ,/Z-- yang/S-- berperan/VSA untuk/R-- menyerap/VSA air/NSD dan/H-- mineral/F-- adalah/O--","Di/R-- tumbuhan/NSD lumut/NSD ,/Z-- yang/S-- berperan/VSA untuk/R-- menyerap/VSA air/NSD dan/CC- mineral/NSD adalah/VSP  ","Di/R-- tumbuhan/NSD lumut/NSD ,/Z-- yang/S-- berperan/VSA untuk/R-- menyerap/VBT air/NSD dan/CCA mineral/NSD adalah/VBL"
"Pada tumbuhan lumut, yang melaksanakan fungsi menyerap air dan mineral adalah",067v003,"0,71",1,"Pada/R-- tumbuhan/NSD lumut/X-- ,/Z-- yang/S-- melaksanakan/VSA fungsi/NSD menyerap/VSA air/NSD dan/H-- mineral/F-- adalah/O--","Pada/R-- tumbuhan/NSD lumut/NSD ,/Z-- yang/S-- melaksanakan/VSA fungsi/NSD menyerap/VSA air/NSD dan/CC- mineral/NSD adalah/VSP  ","Pada/R-- tumbuhan/NSD lumut/NSD ,/Z-- yang/S-- melaksanakan/VBT fungsi/NSD menyerap/VBT air/NSD dan/CCA mineral/NSD adalah/VBL"
Bagian dari tumbuhan Pteridophyta yang menunjukkan perkembangan lebih maju dibandingkan tumbuhan Bryophyta adalah,070v001,"0,29",3,Bagian/NSD dari/R-- tumbuhan/NSD Pteridophyta/X-- yang/S-- menunjukkan/VSA perkembangan/NSD lebih/D-- maju/VSA dibandingkan/VSP tumbuhan/NSD Bryophyta/X-- adalah/O--,Bagian/NSD dari/R-- tumbuhan/NSD Pteridophyta/NSD yang/S-- menunjukkan/VSA perkembangan/NSD lebih/B-- maju/ASP dibandingkan/VSP tumbuhan/NSD Bryophyta/NSD adalah/VSB,Bagian/NSD dari/R-- tumbuhan/NSD Pteridophyta/F-- yang/S-- menunjukkan/VBT perkembangan/NSD lebih/ADV maju/ADJ dibandingkan/VSP tumbuhan/NSD Bryophyta/F-- adalah/VBL
Bagian tumbuhan Pteridophyta yang menunjukkan kemajuan lebih lanjut dibandingkan dengan tumbuhan Bryophyta adalah,070v002,"0,29",3,Bagian/NSD tumbuhan/NSD Pteridophyta/X-- yang/S-- menunjukkan/VSA kemajuan/NSD lebih/D-- lanjut/VSA dibandingkan/VSP dengan/R-- tumbuhan/NSD Bryophyta/X-- adalah/O--,Bagian/NSD tumbuhan/NSD Pteridophyta/NSD yang/S-- menunjukkan/VSA kemajuan/NSD lebih/B-- lanjut/ASP dibandingkan/VSP dengan/R-- tumbuhan/NSD Bryophyta/NSD adalah/VSB,Bagian/NSD tumbuhan/NSD Pteridophyta/F-- yang/S-- menunjukkan/VBT kemajuan/NSD lebih/ADV lanjut/ADJ dibandingkan/VSP dengan/R-- tumbuhan/NSD Bryophyta/F-- adalah/VBL
"Di tumbuhan Pteridophyta, bagian yang menunjukkan tingkat perkembangan lebih maju daripada tumbuhan Bryophyta adalah",070v003,"0,25",3,"Di/R-- tumbuhan/NSD Pteridophyta/X-- ,/Z-- bagian/NSD yang/S-- menunjukkan/VSA tingkat/NSD perkembangan/NSD lebih/D-- maju/VSA daripada/S-- tumbuhan/NSD Bryophyta/X-- adalah/O--","Di/R-- tumbuhan/NSD Pteridophyta/NSD ,/Z-- bagian/NSD yang/S-- menunjukkan/VSA tingkat/NSD perkembangan/NSD lebih/B-- maju/ASP daripada/R-- tumbuhan/NSD Bryophyta/NSD adalah/VSB","Di/R-- tumbuhan/NSD Pteridophyta/F-- ,/Z-- bagian/NSD yang/S-- menunjukkan/VBT tingkat/NSD perkembangan/NSD lebih/ADV maju/ADJ daripada/R-- tumbuhan/NSD Bryophyta/F-- adalah/VBL"
"Fase-fase dalam perkembangbiakan tumbuhan paku yang urut adalah : 1) tumbuhan paku dengan sporangium, 2) protalium, 3) spora, 4) zigot, 5) embrio, 6) tumbuhan paku muda",072v001,"0,36",2,"Fase-fase/NSD PAD/PAD PAD/PAD dalam/ASP perkembangbiakan/NSD tumbuhan/NSD paku/NSD yang/S-- urut/VSA adalah/O-- :/Z-- 1/CC- )/Z-- tumbuhan/NSD paku/X-- dengan/R-- sporangium/X-- ,/Z-- 2/CC- )/Z-- protalium/X-- ,/Z-- 3/CC- )/Z-- spora/X-- ,/Z-- 4/CC- )/Z-- zigot/X-- ,/Z-- 5/CC- )/Z-- embrio/X-- ,/Z-- 6/CC- )/Z-- tumbuhan/NSD paku/NSD muda/ASP","Fase-fase/NSD PAD/PAD PAD/PAD dalam/R-- perkembangbiakan/NSD tumbuhan/NSD paku/NSD yang/S-- urut/ASP adalah/VSB :/Z-- 1/O-- )/Z-- tumbuhan/NSD paku/NSD dengan/R-- sporangium/NSD ,/Z-- 2/O-- )/Z-- protalium/NSD ,/Z-- 3/O-- )/Z-- spora/NSD ,/Z-- 4/O-- )/Z-- zigot/NSD ,/Z-- 5/O-- )/Z-- embrio/NSD ,/Z-- 6/O-- )/Z-- tumbuhan/NSD paku/NSD muda/ASP","Fase/NSD -/Z-- fase/NSD dalam/R-- perkembangbiakan/NSD tumbuhan/NSD paku/NSD yang/S-- urut/ADJ adalah/VBL :/Z-- 1/CD )/Z-- tumbuhan/NSD paku/NSD dengan/R-- sporangium/NSD ,/Z-- 2/CD )/Z-- protalium/F-- ,/Z-- 3/CD )/Z-- spora/NSD ,/Z-- 4/CD )/Z-- zigot/NSD ,/Z-- 5/CD )/Z-- embrio/NSD ,/Z-- 6/CD )/Z-- tumbuhan/NSD paku/NSD muda/ADJ"
"Ditemukan fase-fase dari perkembangbiakan tumbuhan paku adalah seperti berikut.1) tumbuhan paku dengan sporangium, 2)protalium, 3)spora, 4)zigot, 5)embrio, 6)tumbuhan paku muda. Dari fase-fase perkembangbiakan paku tersebut dapat disusun secara urut adalah",072v002,"0,29",3,"Ditemukan/VSP fase-fase/NSD PAD/PAD PAD/PAD dari/R-- perkembangbiakan/NSD tumbuhan/NSD paku/NSD adalah/O-- seperti/R-- berikut/VSA ./Z-- 1/X-- )/Z-- tumbuhan/NSD paku/NSD dengan/R-- sporangium/X-- ,/Z-- 2/CC- )/Z-- protalium/X-- ,/Z-- 3/CC- )/Z-- spora/X-- ,/Z-- 4/CC- )/Z-- zigot/X-- ,/Z-- 5)embrio/X-- PAD/PAD PAD/PAD ,/Z-- 6/CC- )/Z-- tumbuhan/NSD paku/NSD muda/ASP ./Z-- Dari/R-- fase-fase/NSD PAD/PAD PAD/PAD perkembangbiakan/NSD paku/NSD tersebut/B-- dapat/VSA disusun/VSP secara/R-- urut/VSA adalah/O--","Ditemukan/VSP fase-fase/NSD PAD/PAD PAD/PAD dari/R-- perkembangbiakan/NSD tumbuhan/NSD paku/NSD adalah/VSB seperti/B-- berikut/ASP ./Z-- 1/O-- )/Z-- tumbuhan/NSD paku/NSD dengan/R-- sporangium/NSD ,/Z-- 2/O-- )/Z-- protalium/NSD ,/Z-- 3/O-- )/Z-- spora/NSD ,/Z-- 4/O-- )/Z-- zigot/NSD ,/Z-- 5/O-- )/Z-- embrio/NSD ,/Z-- 6/O-- )/Z-- tumbuhan/NSD paku/NSD muda/ASP ./Z-- Dari/R-- fase-fase/NSD PAD/PAD PAD/PAD perkembangbiakan/NSD paku/NSD tersebut/PRN dapat/VSB disusun/VSP secara/R-- urut/ASP adalah/VSB","Ditemukan/VSP fase/NSD -/Z-- fase/NSD dari/R-- perkembangbiakan/NSD tumbuhan/NSD paku/NSD adalah/VBL seperti/R-- berikut/ADJ ./Z-- 1/CD )/Z-- tumbuhan/NSD paku/NSD dengan/R-- sporangium/NSD ,/Z-- 2/CD )/Z-- protalium/F-- ,/Z-- 3/CD )/Z-- spora/NSD ,/Z-- 4/CD )/Z-- zigot/NSD ,/Z-- 5/CD )/Z-- embrio/NSD ,/Z-- 6/CD )/Z-- tumbuhan/NSD paku/NSD muda/ADJ ./Z-- dari/R-- fase/NSD -/Z-- fase/NSD perkembangbiakan/NSD paku/NSD tersebut/PRD dapat/VSA disusun/VSP secara/R-- urut/ADJ adalah/VBL"
"Berikut adalah fase-fase dalam perkembangbiakan tumbuhan paku, urutkan secara tepat: 1) tumbuhan paku dengan sporangium, 2) protalium, 3) spora, 4) zigot, 5) embrio, 6) tumbuhan paku muda.",072v003,"0,29",3,"Berikut/VSA adalah/O-- fase-fase/NSD PAD/PAD PAD/PAD dalam/ASP perkembangbiakan/NSD tumbuhan/NSD paku/NSD ,/Z-- urutkan/VSA secara/R-- tepat/ASP :/Z-- 1/CC- )/Z-- tumbuhan/NSD paku/X-- dengan/R-- sporangium/X-- ,/Z-- 2/CC- )/Z-- protalium/X-- ,/Z-- 3/CC- )/Z-- spora/X-- ,/Z-- 4/CC- )/Z-- zigot/X-- ,/Z-- 5/CC- )/Z-- embrio/X-- ,/Z-- 6/CC- )/Z-- tumbuhan/NSD paku/NSD muda/ASP ./Z--","Berikut/ASP adalah/VSB fase-fase/NSD PAD/PAD PAD/PAD dalam/R-- perkembangbiakan/NSD tumbuhan/NSD paku/NSD ,/Z-- urutkan/VSA secara/R-- tepat/ASP :/Z-- 1/O-- )/Z-- tumbuhan/NSD paku/NSD dengan/R-- sporangium/NSD ,/Z-- 2/O-- )/Z-- protalium/NSD ,/Z-- 3/O-- )/Z-- spora/NSD ,/Z-- 4/O-- )/Z-- zigot/NSD ,/Z-- 5/O-- )/Z-- embrio/NSD ,/Z-- 6/O-- )/Z-- tumbuhan/NSD paku/NSD muda/ASP ./Z--","Berikut/ADJ adalah/VBL fase/NSD -/Z-- fase/NSD dalam/R-- perkembangbiakan/NSD tumbuhan/NSD paku/NSD ,/Z-- urutkan/VSA secara/R-- tepat/ADV :/Z-- 1/CD )/Z-- tumbuhan/NSD paku/NSD dengan/R-- sporangium/NSD ,/Z-- 2/CD )/Z-- protalium/F-- ,/Z-- 3/CD )/Z-- spora/NSD ,/Z-- 4/CD )/Z-- zigot/NSD ,/Z-- 5/CD )/Z-- embrio/NSD ,/Z-- 6/CD )/Z-- tumbuhan/NSD paku/NSD muda/ADJ ./Z--"
Bagian tumbuhan Pteridophyta yang membentuk gamet adalah,073v001,"0,45",2,Bagian/NSD tumbuhan/NSD Pteridophyta/X-- yang/S-- membentuk/VSA gamet/X-- adalah/O--,Bagian/NSD tumbuhan/NSD Pteridophyta/NSD yang/S-- membentuk/VSA gamet/NSD adalah/VSB,Bagian/NSD tumbuhan/NSD Pteridophyta/F-- yang/S-- membentuk/VBT gamet/NSD adalah/VBL
"Pada tumbuhan Pteridophyta, gamet terbentuk di bagian",073v002,"0,00",3,"Pada/R-- tumbuhan/NSD Pteridophyta/X-- ,/Z-- gamet/X-- terbentuk/VSP di/R-- bagian/NSD","Pada/R-- tumbuhan/NSD Pteridophyta/NSD ,/Z-- gamet/NSD terbentuk/VSP di/R-- bagian/NSD","Pada/R-- tumbuhan/NSD Pteridophyta/NSD ,/Z-- gamet/NSD terbentuk/VSP di/PRD bagian/NSD"
Struktur yang menghasilkan gamet pada tumbuhan Pteridophyta ada di bagian,073v003,"0,00",3,Struktur/NSD yang/S-- menghasilkan/VSA gamet/X-- pada/R-- tumbuhan/NSD Pteridophyta/X-- ada/ASP di/R-- bagian/NSD,Struktur/NSD yang/S-- menghasilkan/VSA gamet/NSD pada/R-- tumbuhan/NSD Pteridophyta/NSD ada/VSB di/R-- bagian/NSD,Struktur/NSD yang/S-- menghasilkan/VBT gamet/NSD pada/R-- tumbuhan/NSD Pteridophyta/F-- ada/VSA di/PRD bagian/NSD
Protalium adalah bagian dari generasi paku yang menghasilkan,082v001,"0,46",2,Protalium/X-- adalah/O-- bagian/NSD dari/R-- generasi/NSD paku/NSD yang/S-- menghasilkan/VSA,Protalium/NSD adalah/VSB bagian/NSD dari/R-- generasi/NSD paku/NSD yang/S-- menghasilkan/VSA,Protalium/F-- adalah/VBL bagian/NSD dari/R-- generasi/NSD paku/NSD yang/S-- menghasilkan/VBT
Protalium termasuk generasi pada tumbuhan paku yang menghasilkan,082v002,"0,63",2,Protalium/X-- termasuk/R-- generasi/NSD pada/R-- tumbuhan/NSD paku/NSD yang/S-- menghasilkan/VSA,Protalium/NSD termasuk/VSB generasi/NSD pada/R-- tumbuhan/NSD paku/NSD yang/S-- menghasilkan/VSA,Protalium/F-- termasuk/VBI generasi/NSD pada/R-- tumbuhan/NSD paku/NSD yang/S-- menghasilkan/VBT
Generasi tumbuhan paku yang menghasilkan protalium adalah,082v003,"0,33",2,Generasi/NSD tumbuhan/NSD paku/NSD yang/S-- menghasilkan/VSA protalium/X-- adalah/O--,Generasi/NSD tumbuhan/NSD paku/NSD yang/S-- menghasilkan/VSA protalium/NSD adalah/VSB,Generasi/NSD tumbuhan/NSD paku/NSD yang/S-- menghasilkan/VBT protalium/F-- adalah/VBL
Tumbuhan manakah yang memiliki kabium,088v001,"0,36",2,Tumbuhan/NSD mana/W-- kah/T-- yang/S-- memiliki/VSA kabium/X--,Tumbuhan/NSD manakah/PRQ PAD/PAD yang/S-- memiliki/VSA kabium/NSD,Tumbuhan/NSD mana/PRQ kah/PRT yang/S-- memiliki/VBT kabium/NSD
Tumbuhan apa yang memiliki kambium,088v002,"0,50",2,Tumbuhan/NSD apa/W-- yang/S-- memiliki/VSA kambium/NSD,Tumbuhan/NSD apa/PRQ yang/S-- memiliki/VSA kambium/NSD,Tumbuhan/NSD apa/PRQ yang/S-- memiliki/VBT kambium/NSD
Contoh tumbuhan yang memiliki kabium,088v003,"0,75",1,Contoh/NSD tumbuhan/NSD yang/S-- memiliki/VSA kabium/X--,Contoh/NSD tumbuhan/NSD yang/S-- memiliki/VSA kabium/NSD,Contoh/NSD tumbuhan/NSD yang/S-- memiliki/VBT kabium/NSD
Pipa kapiler yang mengangkut air di dalam tubuh tumbuhan adalah,089v001,"0,50",2,Pipa/NSD kapiler/X-- yang/S-- mengangkut/VSA air/NSD di/R-- dalam/ASP tubuh/NSD tumbuhan/NSD adalah/O--,Pipa/NSD kapiler/NSD yang/S-- mengangkut/VSA air/NSD di/R-- dalam/R-- tubuh/NSD tumbuhan/NSD adalah/VSB,Pipa/NSD kapiler/NSD yang/S-- mengangkut/VBT air/NSD di/PRD dalam/R-- tubuh/NSD tumbuhan/NSD adalah/VBL
Pipa kapiler yang berperan dalam pengangkutan air di dalam tubuh tumbuhan adalah,089v002,"0,71",1,Pipa/NSD kapiler/X-- yang/S-- berperan/VSA dalam/ASP pengangkutan/NSD air/NSD di/R-- dalam/ASP tubuh/NSD tumbuhan/NSD adalah/O--,Pipa/NSD kapiler/NSD yang/S-- berperan/VSA dalam/R-- pengangkutan/NSD air/NSD di/R-- dalam/R-- tubuh/NSD tumbuhan/NSD adalah/VSB,Pipa/NSD kapiler/NSD yang/S-- berperan/VSA dalam/R-- pengangkutan/NSD air/NSD di/PRD dalam/R-- tubuh/NSD tumbuhan/NSD adalah/VBL
"Untuk mengangkut air di dalam tubuh tumbuhan, digunakan pipa kapiler yang disebut",089v003,"0,50",2,"Untuk/R-- mengangkut/VSA air/NSD di/R-- dalam/ASP tubuh/NSD tumbuhan/NSD ,/Z-- digunakan/VSP pipa/NSD kapiler/X-- yang/S-- disebut/VSP","Untuk/R-- mengangkut/VSA air/NSD di/R-- dalam/R-- tubuh/NSD tumbuhan/NSD ,/Z-- digunakan/VSP pipa/NSD kapiler/NSD yang/S-- disebut/VSP","Untuk/R-- mengangkut/VBT air/NSD di/PRD dalam/R-- tubuh/NSD tumbuhan/NSD ,/Z-- digunakan/VSP pipa/NSD kapiler/NSD yang/S-- disebut/VSP"
Sporangium adalah struktur,092v001,"0,60",2,Sporangium/X-- adalah/O-- struktur/NSD,Sporangium/NSD adalah/VSB struktur/NSD,Sporangium/NSD adalah/VBL struktur/NSD
Pengertin sporangium yaitu,092v002,"0,33",2,Pengertin/NSD sporangium/X-- yaitu/O--,Pengertian/NSD sporangium/NSD yaitu/VSB,Pengertin/NSD sporangium/NSD yaitu/O--
Sporangium adalah,092v003,"0,20",3,Sporangium/X-- adalah/O--,Sporangium/NSD adalah/VSB,Sporangium/NSD adalah/VBL
"Dalam anatomi biji monokotil, bagian yang menyimpan cadangan makanan adalah",095v001,"0,63",2,"Dalam/NSD anatomi/NSD biji/NSD monokotil/X-- ,/Z-- bagian/NSD yang/S-- menyimpan/VSA cadangan/NSD makanan/NSD adalah/O--","Dalam/R-- anatomi/NSD biji/NSD monokotil/NSD ,/Z-- bagian/NSD yang/S-- menyimpan/VSA cadangan/NSD makanan/NSD adalah/VSB","Dalam/R-- anatomi/NSD biji/NSD monokotil/NSD ,/Z-- bagian/NSD yang/S-- menyimpan/VBT cadangan/NSD makanan/NSD adalah/VBL"
Bagian biji monokotil yang berfungsi sebagai tempat cadangan makanan adalah,095v002,"0,73",1,Bagian/NSD biji/NSD monokotil/X-- yang/S-- berfungsi/VSA sebagai/R-- tempat/NSD cadangan/NSD makanan/NSD adalah/O--,Bagian/NSD biji/NSD monokotil/NSD yang/S-- berfungsi/VSA sebagai/R-- tempat/NSD cadangan/NSD makanan/NSD adalah/VSB,Bagian/NSD biji/NSD monokotil/NSD yang/S-- berfungsi/VSA sebagai/R-- tempat/NSD cadangan/NSD makanan/NSD adalah/VBL
"Pada anatomi biji monokotil, bagian biji yang berperan untuk cadangan makanan adalah",095v003,"0,75",1,"Pada/R-- anatomi/NSD biji/NSD monokotil/X-- ,/Z-- bagian/NSD biji/NSD yang/S-- berperan/VSA untuk/R-- cadangan/NSD makanan/NSD adalah/O--","Pada/R-- anatomi/NSD biji/NSD monokotil/NSD ,/Z-- bagian/NSD biji/NSD yang/S-- berperan/VSA untuk/R-- cadangan/NSD makanan/NSD adalah/VSB","Pada/R-- anatomi/NSD biji/NSD monokotil/NSD ,/Z-- bagian/NSD biji/NSD yang/S-- berperan/VSA untuk/R-- cadangan/NSD makanan/NSD adalah/VBL"
Pinus adalah bagian dari kelompok Gymnospermae dari divisi,097v001,"0,40",2,Pinus/X-- adalah/O-- bagian/NSD dari/R-- kelompok/NSD Gymnospermae/X-- dari/R-- divisi/NSD,Pinus/NSB adalah/VSB bagian/NSD dari/R-- kelompok/NSD Gymnospermae/X-- dari/R-- divisi/NSD,Pinus/NSD adalah/VBL bagian/NSD dari/R-- kelompok/NUM Gymnospermae/F-- dari/R-- divisi/NSD
"Dalam divisi, Pinus termasuk ke dalam anggota Gymnospermae",097v002,"0,11",3,"Dalam/NSD divisi/NSD ,/Z-- Pinus/X-- termasuk/R-- ke/R-- dalam/ASP anggota/NSD Gymnospermae/X--","Dalam/R-- divisi/NSD ,/Z-- Pinus/NSB termasuk/VSA ke/R-- dalam/R-- anggota/NSD Gymnospermae/X--","Dalam/R-- divisi/NSD ,/Z-- Pinus/NSD termasuk/VBI ke/R-- dalam/R-- anggota/NSD Gymnospermae/F--"
Anggota Gymnospermae dalam divisi termasuk,097v003,"0,43",2,Anggota/NSD Gymnospermae/X-- dalam/ASP divisi/NSD termasuk/R--,Anggota/NSD Gymnospermae/X-- dalam/R-- divisi/NSD termasuk/VSA,Anggota/NSD Gymnospermae/F-- dalam/R-- divisi/NSD termasuk/VBI
"Berikut ini adalah beberapa spesies dari kingdom Plantae yang sering digunakan sebagai sumber utama karbohidrat, seperti",099v001,"0,56",2,"Berikut/VSA ini/B-- adalah/O-- beberapa/B-- spesies/NSD dari/R-- kingdom/F-- Plantae/X-- yang/S-- sering/D-- digunakan/VSP sebagai/R-- sumber/NSD utama/ASP karbohidrat/NSD ,/Z-- seperti/R--","Berikut/R-- ini/X-- adalah/VSB beberapa/X-- spesies/NSD dari/R-- kingdom/NSD Plantae/X-- yang/S-- sering/B-- digunakan/VSP sebagai/R-- sumber/NSD utama/ASP karbohidrat/NSD ,/Z-- seperti/R--","Berikut/ADJ ini/PRD adalah/VBL beberapa/NUM spesies/NSD dari/R-- kingdom/NSD Plantae/F-- yang/S-- sering/ADJ digunakan/VSP sebagai/R-- sumber/NSD utama/ADJ karbohidrat/NSD ,/Z-- seperti/R--"
Contoh-contoh spesies dari kingdom Plantae yang umumnya menjadi sumber utama karbohidrat adalah,099v002,"1,00",1,Contoh-contoh/NSD PAD/PAD PAD/PAD spesies/NSD dari/R-- kingdom/F-- Plantae/X-- yang/S-- umumnya/B-- PAD/PAD menjadi/VSA sumber/NSD utama/ASP karbohidrat/NSD adalah/O--,Contoh-contoh/NSD PAD/PAD PAD/PAD spesies/NSD dari/R-- kingdom/NSD Plantae/X-- yang/S-- umumnya/B-- PAD/PAD menjadi/VSA sumber/NSD utama/ASP karbohidrat/NSD adalah/VSB,Contoh/NSD -/Z-- contoh/NSD spesies/NSD dari/R-- kingdom/NSD Plantae/F-- yang/S-- umum/ADJ nya/PRF menjadi/VBT sumber/NSD utama/ADJ karbohidrat/NSD adalah/VBL
Spesies dari kingdom Plantae yang biasanya digunakan sebagai sumber utama karbohidrat meliputi,099v003,"0,57",2,Spesies/NSD dari/R-- kingdom/F-- Plantae/X-- yang/S-- biasanya/D-- PAD/PAD digunakan/VSP sebagai/R-- sumber/NSD utama/ASP karbohidrat/NSD meliputi/VSA,Spesies/NSD dari/R-- kingdom/NSD Plantae/X-- yang/S-- biasanya/B-- PAD/PAD digunakan/VSP sebagai/R-- sumber/NSD utama/ASP karbohidrat/NSD meliputi/VSA,Spesies/NSD dari/R-- kingdom/NSD Plantae/F-- yang/S-- biasa/ADJ nya/PRF digunakan/VSP sebagai/R-- sumber/NSD utama/ADJ karbohidrat/NSD meliputi/VSA
CO2 bisa mengakibatkan,102v001,"0,44",2,CO2/X-- bisa/M-- mengakibatkan/VSA,CO2/NSB bisa/VSA mengakibatkan/VSA,CO2/X-- bisa/VSA mengakibatkan/VBT
CO2 adalah polutan udara yang dapat menyebabkan,102v002,"0,67",2,CO2/X-- adalah/O-- polutan/NSD udara/NSD yang/S-- dapat/VSA menyebabkan/VSA,CO2/NSB adalah/VSB polutan/NSD udara/NSD yang/S-- dapat/VSA menyebabkan/VSA,CO2/X-- adalah/VBL polutan/NSD udara/NSD yang/S-- dapat/VSA menyebabkan/VBT
Dampak polutan udara adalah,102v003,"0,46",2,Dampak/NSD polutan/NSD udara/NSD adalah/O--,Dampak/NSD polutan/NSD udara/NSD adalah/VSB,Dampak/NSD polutan/NSD udara/NSD adalah/VBL
Pernyataan yang salah adalah,105v001,"0,52",2,Pernyataan/NSD yang/S-- salah/ASP adalah/O--,Pernyataan/NSD yang/S-- salah/ASP adalah/VSB,Pernyataan/NSD yang/S-- salah/ADJ adalah/VBL
Pernyataan yang tidak tepat tentang perlindungan lingkungan adalah,105v002,"0,80",1,Pernyataan/NSD yang/S-- tidak/G-- tepat/ASP tentang/VSA perlindungan/NSD lingkungan/NSD adalah/O--,Pernyataan/NSD yang/S-- tidak/B-- tepat/ASP tentang/R-- perlindungan/NSD lingkungan/NSD adalah/VSB,Pernyataan/NSD yang/S-- tidak/ADV tepat/ASP tentang/VSA perlindungan/NSD lingkungan/NSD adalah/O--
Pernyataan yang tidak benar adalah,105v003,"0,50",2,Pernyataan/NSD yang/S-- tidak/G-- benar/ASP adalah/O--,Pernyataan/NSD yang/S-- tidak/B-- benar/ASP adalah/VSB,Pernyataan/NSD yang/S-- tidak/ADV benar/ADJ adalah/VBL
"Bencana banjir yang melanda beberapa kota tidak hanya disebabkan oleh tingginya curah hujan. Faktor kerusakan hutan di kawasan tangkapan air wilayah hulu sungai diidentifikasi sebagai penyebab utama sering terjadinya banjir. Dampaknya juga berupa pendangkalan sungai. Kerusakan hutan disebabkan oleh beberapa kegiatan manusia, antara lain pembelakan liar dan penambangan liar. Kerusakan hutan juga banyak terjadi akibat kebakaran hutan, alih fungsi hutan menjadi kebun kelapa sawit, pertambangan batu baru, dan penambangan emas liar. Cara mengatasi permasalahan tersebut adalah",106v001,"0,50",2,"Bencana/NSD banjir/NSD yang/S-- melanda/VSA beberapa/B-- kota/NSD tidak/G-- hanya/D-- disebabkan/VSP oleh/R-- tinggi/ASP nya/PS3 curah/VSA hujan/NSD ./Z-- Faktor/NSD kerusakan/NSD hutan/NSD di/R-- kawasan/NSD tangkapan/NSD air/NSD wilayah/NSD hulu/NSD sungai/NSD diidentifikasi/VSP sebagai/R-- penyebab/NSD utama/ASP sering/D-- terjadi/VSP nya/PS3 banjir/NSD ./Z-- Dampaknya/NSD PAD/PAD juga/D-- berupa/VSA pendangkalan/NSD sungai/NSD ./Z-- Kerusakan/NSD hutan/NSD disebabkan/VSP oleh/R-- beberapa/B-- kegiatan/NSD manusia/NSD ,/Z-- antara/R-- lain/ASP pembelakan/NSD liar/ASP dan/H-- penambangan/NSD liar/ASP ./Z-- Kerusakan/NSD hutan/NSD juga/D-- banyak/B-- terjadi/VSP akibat/NSD kebakaran/NSD hutan/NSD ,/Z-- alih/VSA fungsi/NSD hutan/NSD menjadi/VSA kebun/NSD kelapa/NSD sawit/NSD ,/Z-- pertambangan/NSD batu/NSD baru/ASP ,/Z-- dan/H-- penambangan/NSD emas/NSD liar/ASP ./Z-- Cara/NSD mengatasi/VSA permasalahan/NSD tersebut/B-- adalah/O--","Bencana/NSD banjir/NSD yang/S-- melanda/VSA beberapa/D-- kota/NSD tidak/B-- hanya/R-- disebabkan/VSP oleh/R-- tingginya/NSD PAD/PAD curah/NSD hujan/NSD ./Z-- Faktor/NSD kerusakan/NSD hutan/NSD di/R-- kawasan/NSD tangkapan/NSD air/NSD wilayah/NSD hulu/NSD sungai/NSD diidentifikasi/VSP sebagai/R-- penyebab/NSD utama/ASP sering/R-- terjadinya/VSP PAD/PAD banjir/NSD ./Z-- Dampaknya/NSD PAD/PAD juga/R-- berupa/VSA pendangkalan/NSD sungai/NSD ./Z-- Kerusakan/NSD hutan/NSD disebabkan/VSP oleh/R-- beberapa/D-- kegiatan/NSD manusia/NSD ,/Z-- antara/R-- lain/R-- pembalakan/NSD liar/ASP dan/CC- penambangan/NSD liar/ASP ./Z-- Kerusakan/NSD hutan/NSD juga/R-- banyak/R-- terjadi/VSA akibat/R-- kebakaran/NSD hutan/NSD ,/Z-- alih/NSD fungsi/NSD hutan/NSD menjadi/VSA kebun/NSD kelapa/NSD sawit/NSD ,/Z-- pertambangan/NSD batu/NSD bara/NSD ,/Z-- dan/CC- penambangan/NSD emas/NSD liar/ASP ./Z-- Cara/NSD mengatasi/VSA permasalahan/NSD tersebut/D-- adalah/VSA","Bencana/NSD banjir/NSD yang/S-- melanda/VBT beberapa/NUM kota/NSD tidak/ADV hanya/ADV disebabkan/VSP oleh/R-- tinggi/ADJ nya/PRF curah/NSD hujan/NSD ./Z-- Faktor/NSD kerusakan/NSD hutan/NSD di/PRD kawasan/NSD tangkapan/NSD air/NSD wilayah/NSD hulu/NSD sungai/NSD diidentifikasi/VSP sebagai/NSD penyebab/NSD utama/ADJ sering/ADJ terjadi/VBI nya/PRF banjir/NSD ./Z-- Dampak/NSD nya/PRF juga/ADV berupa/VSA pendangkalan/NSD sungai/NSD ./Z-- Kerusakan/NSD hutan/NSD disebabkan/VSP oleh/R-- beberapa/NUM kegiatan/NSD manusia/NSD ,/Z-- antara/R-- lain/ADJ pembelakan/NSD liar/ADJ dan/CCA penambangan/NSD liar/ADJ ./Z-- Kerusakan/NSD hutan/NSD juga/ADV banyak/ADJ terjadi/VBI akibat/NSD kebakaran/NSD hutan/NSD ,/Z-- alih/VSA fungsi/NSD hutan/NSD menjadi/VBT kebun/NSD kelapa/NSD sawit/NSD ,/Z-- pertambangan/NSD batu/NSD baru/ADJ ,/Z-- dan/CCA penambangan/NSD emas/NSD liar/ADJ ./Z-- Cara/NSD mengatasi/VBT permasalahan/NSD tersebut/PRD adalah/VBL"
"Bencana banjir yang menghantam beberapa kota tidak hanya disebabkan oleh tingginya curah hujan. Kerusakan hutan di daerah tangkapan air di hulu sungai diidentifikasi sebagai penyebab utama seringnya terjadinya banjir, yang juga menyebabkan pendangkalan sungai. Kerusakan hutan ini disebabkan oleh berbagai kegiatan manusia seperti pembalakan liar dan penambangan ilegal. Selain itu, kebakaran hutan, konversi hutan menjadi kebun kelapa sawit, pertambangan batu bara, dan penambangan emas liar juga berkontribusi terhadap kerusakan hutan. Upaya untuk mengatasi permasalahan ini adalah",106v002,"0,29",3,"Bencana/NSD banjir/NSD yang/S-- menghantam/VSA beberapa/B-- kota/NSD tidak/G-- hanya/D-- disebabkan/VSP oleh/R-- tinggi/ASP nya/PS3 curah/VSA hujan/NSD ./Z-- Kerusakan/NSD hutan/NSD di/R-- daerah/NSD tangkapan/NSD air/NSD di/R-- hulu/NSD sungai/NSD diidentifikasi/VSP sebagai/R-- penyebab/NSD utama/ASP sering/D-- nya/PS3 terjadi/VSP nya/PS3 banjir/NSD ,/Z-- yang/S-- juga/D-- menyebabkan/VSA pendangkalan/NSD sungai/NSD ./Z-- Kerusakan/NSD hutan/NSD ini/B-- disebabkan/VSP oleh/R-- berbagai/B-- kegiatan/NSD manusia/NSD seperti/R-- pembalakan/NSD liar/ASP dan/H-- penambangan/NSD ilegal/ASP ./Z-- Selain/ASP itu/B-- ,/Z-- kebakaran/NSD hutan/NSD ,/Z-- konversi/NSD hutan/NSD menjadi/VSA kebun/NSD kelapa/NSD sawit/NSD ,/Z-- pertambangan/NSD batu/NSD bara/NSD ,/Z-- dan/H-- penambangan/NSD emas/NSD liar/ASP juga/D-- berkontribusi/VSA terhadap/R-- kerusakan/NSD hutan/NSD ./Z-- Upaya/NSD untuk/R-- mengatasi/VSA permasalahan/NSD ini/B-- adalah/O--","Bencana/NSD banjir/NSD yang/S-- menghantam/VSA beberapa/O-- kota/NSD tidak/B-- hanya/B-- disebabkan/VSP oleh/R-- tingginya/NSD PAD/PAD curah/NSD hujan/NSD ./Z-- Kerusakan/NSD hutan/NSD di/R-- daerah/NSD tangkapan/NSD air/NSD di/R-- hulu/NSD sungai/NSD diidentifikasi/VSP sebagai/R-- penyebab/NSD utama/ASP seringnya/B-- PAD/PAD terjadinya/NSD PAD/PAD banjir/NSD ,/Z-- yang/S-- juga/B-- menyebabkan/VSA pendangkalan/NSD sungai/NSD ./Z-- Kerusakan/NSD hutan/NSD ini/PR- disebabkan/VSP oleh/R-- berbagai/O-- kegiatan/NSD manusia/NSD seperti/R-- pembalakan/NSD liar/ASP dan/CC- penambangan/NSD ilegal/ASP ./Z-- Selain/R-- itu/B-- ,/Z-- kebakaran/NSD hutan/NSD ,/Z-- konversi/NSD hutan/NSD menjadi/VSA kebun/NSD kelapa/NSD sawit/NSD ,/Z-- pertambangan/NSD batu/NSD bara/NSD ,/Z-- dan/CC- penambangan/NSD emas/NSD liar/ASP juga/B-- berkontribusi/VSA terhadap/R-- kerusakan/NSD hutan/NSD ./Z-- Upaya/NSD untuk/R-- mengatasi/VSA permasalahan/NSD ini/PR- adalah/VSB","Bencana/NSD banjir/NSD yang/S-- menghantam/VBT beberapa/NUM kota/NSD tidak/ADV hanya/ADV disebabkan/VSP oleh/R-- tinggi/ADJ nya/PRF curah/NSD hujan/NSD ./Z-- Kerusakan/NSD hutan/NSD di/PRD daerah/NSD tangkapan/NSD air/NSD di/PRD hulu/NSD sungai/NSD diidentifikasi/VSP sebagai/R-- penyebab/NSD utama/ADJ sering/ADJ nya/PRF terjadi/VBI nya/PRF banjir/NSD ,/Z-- yang/S-- juga/ADV menyebabkan/VBT pendangkalan/NSD sungai/NSD ./Z-- Kerusakan/NSD hutan/NSD ini/PRD disebabkan/VSP oleh/R-- berbagai/NUM kegiatan/NSD manusia/NSD seperti/R-- pembalakan/NSD liar/ADJ dan/CCA penambangan/NSD ilegal/ADJ ./Z-- Selain/R-- itu/PRD ,/Z-- kebakaran/NSD hutan/NSD ,/Z-- konversi/NSD hutan/NSD menjadi/VBT kebun/NSD kelapa/NSD sawit/NSD ,/Z-- pertambangan/NSD batu/NSD bara/NSD ,/Z-- dan/CCA penambangan/NSD emas/NSD liar/ADJ juga/ADV berkontribusi/VSA terhadap/R-- kerusakan/NSD hutan/NSD ./Z-- Upaya/NSD untuk/R-- mengatasi/VBT permasalahan/NSD ini/PRD adalah/VBL"
"Langkah-langkah untuk mengatasi bencana seperti banjir, tanah longsor adalah",106v003,"0,20",3,"Langkah-lang/NSD PAD/PAD kah/T-- untuk/R-- mengatasi/VSA bencana/NSD seperti/R-- banjir/NSD ,/Z-- tanah/NSD longsor/X-- adalah/O--","Langkah-langkah/NSD PAD/PAD PAD/PAD untuk/R-- mengatasi/VSA bencana/NSD seperti/R-- banjir/NSD ,/Z-- tanah/NSD longsor/NSD adalah/VSB","Langkah/NSD -/Z-- langkah/NSD untuk/R-- mengatasi/VBT Bencana/NSD seperti/R-- banjir/NSD ,/Z-- tanah/NSD longsor/NSD adalah/VBL"
Pengelolaan biologis dianggap paling efektif dalam penanganan limbah dari bahan berbahaya dan beracun (limbah B3) karena,108v001,"0,43",2,Pengelolaan/NSD biologis/NSD dianggap/VSP paling/D-- efektif/ASP dalam/ASP penanganan/NSD limbah/NSD dari/R-- bahan/NSD berbahaya/VSA dan/H-- beracun/VSA (/Z-- limbah/NSD B3/X-- )/Z-- karena/S--,Pengelolaan/NSD biologis/ASP dianggap/VSP paling/B-- efektif/ASP dalam/R-- penanganan/NSD limbah/NSD dari/R-- bahan/NSD berbahaya/ASP dan/CC- beracun/ASP (/Z-- limbah/NSD B3/X-- )/Z-- karena/R--,Pengelolaan/NSD biologis/ADJ dianggap/VSP paling/ADV efektif/ADJ dalam/R-- penanganan/NSD limbah/NSD dari/R-- bahan/NSD berbahaya/ADJ dan/CCA beracun/ADJ (/Z-- limbah/NSD B3/X-- )/Z-- karena/R--
Cara terbaik untuk mengatasi limbah dari bahan berbahaya dan beracun (limbah B3) adalah dengan pengelolaan secara biologis karena,108v002,"0,25",3,Cara/NSD terbaik/ASS untuk/R-- mengatasi/VSA limbah/NSD dari/R-- bahan/NSD berbahaya/VSA dan/H-- beracun/VSA (/Z-- limbah/NSD B3/X-- )/Z-- adalah/O-- dengan/R-- pengelolaan/NSD secara/R-- biologis/NSD karena/S--,Cara/NSD terbaik/ASP untuk/R-- mengatasi/VSA limbah/NSD dari/R-- bahan/NSD berbahaya/ASP dan/CC- beracun/ASP (/Z-- limbah/NSD B3/X-- )/Z-- adalah/VSB dengan/R-- pengelolaan/NSD secara/R-- biologis/ASP karena/R--,Cara/NSD terbaik/ADJ untuk/R-- mengatasi/VBT limbah/NSD dari/R-- bahan/NSD berbahaya/ADJ dan/CCA beracun/VSA (/Z-- limbah/NSD B3/X-- )/Z-- adalah/VBL dengan/R-- pengelolaan/NSD secara/R-- biologis/ADJ karena/NSD
Pengelolaan biologis dianggap sebagai solusi terbaik dalam menanggulangi limbah dari bahan berbahaya dan beracun (limbah B3) karena,108v003,"0,00",3,Pengelolaan/NSD biologis/NSD dianggap/VSP sebagai/R-- solusi/NSD terbaik/ASS dalam/ASP menanggulangi/VSA limbah/NSD dari/R-- bahan/NSD berbahaya/VSA dan/H-- beracun/VSA (/Z-- limbah/NSD B3/X-- )/Z-- karena/S--,Pengelolaan/NSD biologis/ASP dianggap/VSP sebagai/R-- solusi/NSD terbaik/ASP dalam/R-- menanggulangi/VSA limbah/NSD dari/R-- bahan/NSD berbahaya/ASP dan/CC- beracun/ASP (/Z-- limbah/NSD B3/X-- )/Z-- karena/R--,Pengelolaan/NSD biologis/ADJ dianggap/VSP sebagai/R-- solusi/NSD terbaik/ADJ dalam/R-- menanggulangi/VBT limbah/NSD dari/R-- bahan/NSD berbahaya/VSA dan/CCA beracun/VSA (/Z-- limbah/NSD B3/X-- )/Z-- karena/R--
"Untuk mengendalikan populasi serangga yang merusak tanaman pertanian secara serius tanpa dampak negatif bagi lingkungan, metode yang digunakan adalah",112v001,"0,50",2,"Untuk/R-- mengendalikan/VSA populasi/NSD serangga/NSD yang/S-- merusak/VSA tanaman/NSD pertanian/NSD secara/R-- serius/ASP tanpa/D-- dampak/NSD negatif/ASP bagi/R-- lingkungan/NSD ,/Z-- metode/NSD yang/S-- digunakan/VSP adalah/O--","Untuk/R-- mengendalikan/VSA populasi/NSD serangga/NSD yang/S-- merusak/VSA tanaman/NSD pertanian/NSD secara/R-- serius/ASP tanpa/R-- dampak/NSD negatif/ASP bagi/R-- lingkungan/NSD ,/Z-- metode/NSD yang/S-- digunakan/VSP adalah/VSB","Untuk/R-- mengendalikan/VBT populasi/NSD serangga/NSD yang/S-- merusak/VBT tanaman/NSD pertanian/NSD secara/R-- serius/ADJ tanpa/R-- dampak/NSD negatif/NSD bagi/R-- lingkungan/NSD ,/Z-- metode/NSD yang/S-- digunakan/VSP adalah/VBL"
Meningkatnya populasi sejenis Insecta yang merusak tanaman pertanian perlu dikendalikan secara serius. Cara pengendalian yang tidak menimbulkan dampak negatif bagi lingkungan adalah,112v002,"0,00",3,Meningkat/VSA nya/PS3 populasi/NSD sejenis/ASP Insecta/X-- yang/S-- merusak/VSA tanaman/NSD pertanian/NSD perlu/VSA dikendalikan/VSP secara/R-- serius/ASP ./Z-- Cara/NSD pengendalian/NSD yang/S-- tidak/G-- menimbulkan/VSA dampak/NSD negatif/X-- bagi/R-- lingkungan/NSD adalah/O--,Meningkatnya/NSD PAD/PAD populasi/NSD sejenis/ASP Insecta/NSD yang/S-- merusak/VSA tanaman/NSD pertanian/NSD perlu/VSA dikendalikan/VSP secara/R-- serius/ASP ./Z-- Cara/NSD pengendalian/NSD yang/S-- tidak/B-- menimbulkan/VSA dampak/NSD negatif/ASP bagi/R-- lingkungan/NSD adalah/VSB,Meningkat/VBT nya/PRF populasi/NSD sejenis/NSD Insecta/F-- yang/S-- merusak/VBT tanaman/NSD pertanian/NSD perlu/ADV dikendalikan/VSP secara/R-- serius/ADJ ./Z-- Cara/NSD pengendalian/NSD yang/S-- tidak/ADV menimbulkan/VBT dampak/NSD negatif/ADJ bagi/R-- lingkungan/NSD adalah/VBL
Populasi serangga perusak tanaman pertanian yang meningkat perlu dikendalikan dengan serius. Cara pengendalian yang ramah lingkungan adalah,112v003,"0,00",3,Populasi/NSD serangga/NSD perusak/NSD tanaman/NSD pertanian/NSD yang/S-- meningkat/VSA perlu/VSA dikendalikan/VSP dengan/R-- serius/ASP ./Z-- Cara/NSD pengendalian/NSD yang/S-- ramah/ASP lingkungan/NSD adalah/O--,Populasi/NSD serangga/NSD perusak/NSD tanaman/NSD pertanian/NSD yang/S-- meningkat/VSA perlu/VSA dikendalikan/VSP dengan/R-- serius/ASP ./Z-- Cara/NSD pengendalian/NSD yang/S-- ramah/ASP lingkungan/NSD adalah/VSB,Populasi/NSD serangga/NSD perusak/NSD tanaman/NSD pertanian/NSD yang/S-- meningkat/VBT perlu/ADV dikendalikan/VSP dengan/R-- serius/ADJ ./Z-- Cara/NSD pengendalian/NSD yang/S-- ramah/ADJ lingkungan/NSD adalah/VBL
Pencemaran sampah plastik dalam tanah selain mengurangi kemampuan daya dukung tanah juga merupakan polutan yang tidak dapat diuraikan. Untuk menanggulanginya dilakukan,113v001,"0,53",2,Pencemaran/NSD sampah/NSD plastik/NSD dalam/ASP tanah/NSD selain/ASP mengurangi/VSA kemampuan/NSD daya/NSD dukung/VSA tanah/NSD juga/D-- merupakan/O-- polutan/NSD yang/S-- tidak/G-- dapat/VSA diuraikan/VSP ./Z-- Untuk/R-- menanggulangi/VSA nya/PS3 dilakukan/VSP,Pencemaran/NSD sampah/NSD plastik/NSD dalam/R-- tanah/NSD selain/R-- mengurangi/VSA kemampuan/NSD daya/NSD dukung/NSD tanah/NSD juga/B-- merupakan/VSB polutan/NSD yang/S-- tidak/B-- dapat/VSA diuraikan/VSP ./Z-- Untuk/R-- menanggulanginya/VSA PAD/PAD dilakukan/VSP,Pencemaran/NSD sampah/NSD plastik/NSD dalam/R-- tanah/NSD selain/R-- mengurangi/VBT kemampuan/NSD daya/NSD dukung/VBI tanah/NSD juga/ADV merupakan/VBL polutan/NSD yang/S-- tidak/ADV dapat/VSA diuraikan/VSP ./Z-- Untuk/R-- menanggulangi/VBT nya/PRF dilakukan/VSP
"Selain mengurangi kemampuan daya dukung tanah, pencemaran sampah plastik juga tidak dapat diuraikan. Upaya untuk menanggulangi hal ini adalah",113v002,"0,70",2,"Selain/ASP mengurangi/VSA kemampuan/NSD daya/NSD dukung/VSA tanah/NSD ,/Z-- pencemaran/NSD sampah/NSD plastik/ASP juga/D-- tidak/G-- dapat/VSA diuraikan/VSP ./Z-- Upaya/NSD untuk/R-- menanggulangi/VSA hal/NSD ini/B-- adalah/O--","Selain/R-- mengurangi/VSA kemampuan/NSD daya/NSD dukung/NSD tanah/NSD ,/Z-- pencemaran/NSD sampah/NSD plastik/NSD juga/B-- tidak/B-- dapat/VSA diuraikan/VSP ./Z-- Upaya/NSD untuk/R-- menanggulangi/VSA hal/NSD ini/PR- adalah/VSB","Selain/R-- mengurangi/VBT kemampuan/NSD daya/NSD dukung/VBI tanah/NSD ,/Z-- pencemaran/NSD sampah/NSD plastik/NSD juga/ADV tidak/ADV dapat/VSA diuraikan/VSP ./Z-- Upaya/NSD untuk/R-- menanggulangi/VBT hal/NSD ini/PRD adalah/VBL"
Pencemaran plastik dalam tanah mengurangi daya dukung tanah dan tidak bisa diuraikan. Upaya penanggulangannya adalah,113v003,"0,00",3,Pencemaran/NSD plastik/NSD dalam/ASP tanah/NSD mengurangi/VSA daya/NSD dukung/VSA tanah/NSD dan/H-- tidak/G-- bisa/M-- diuraikan/VSP ./Z-- Upaya/NSD penanggulangan/NSD nya/PS3 adalah/O--,Pencemaran/NSD plastik/NSD dalam/R-- tanah/NSD mengurangi/VSA daya/NSD dukung/NSD tanah/NSD dan/CC- tidak/B-- bisa/VSA diuraikan/VSP ./Z-- Upaya/NSD penanggulangannya/NSD PAD/PAD adalah/VSB,Pencemaran/NSD plastik/NSD dalam/R-- tanah/NSD mengurangi/NSD daya/NSD dukung/VBI tanah/NSD dan/CCA tidak/ADV bisa/VSA diuraikan/VSP ./Z-- Upaya/NSD penanggulangan/NSD nya/PRF adalah/VBL
Penggunaan kendaraan bermotor dan alat-alat yang mengandung CFC bisa menyebabkan,114v001,"0,41",2,Penggunaan/NSD kendaraan/NSD bermotor/VSA dan/H-- alat-alat/NSD PAD/PAD PAD/PAD yang/S-- mengandung/VSA CFC/F-- bisa/M-- menyebabkan/VSA,Penggunaan/NSD kendaraan/NSD bermotor/ASP dan/CC- alat-alat/NSD PAD/PAD PAD/PAD yang/S-- mengandung/VSA CFC/NSD bisa/VSA menyebabkan/VSA,Penggunaan/NSD kendaraan/NSD bermotor/ADV dan/CCA alat/NSD -/Z-- alat/NSD yang/S-- mengandung /VBT CFC/X-- bisa/VSA menyebabkan/VBT
Kendaraan bermotor dan alat-alat dengan CFC dapat mengakibatkan,114v002,"0,75",1,Kendaraan/NSD bermotor/VSA dan/H-- alat-alat/NSD PAD/PAD PAD/PAD dengan/R-- CFC/F-- dapat/VSA mengakibatkan/VSA,Kendaraan/NSD bermotor/ASP dan/CC- alat-alat/NSD PAD/PAD PAD/PAD dengan/R-- CFC/NSD dapat/VSA mengakibatkan/VSA,Kendaraan/NSD bermotor/ADV dan/CCA alat/NSD -/Z-- alat/NSD dengan/R-- CFC/X-- dapat/VSA mengakibatkan/VBT
Akibat dari penggunaan kendaraan bermotor dan alat-alat yang mengandung CFC adalah,114v003,"0,00",3,Akibat/NSD dari/R-- penggunaan/NSD kendaraan/NSD bermotor/VSA dan/H-- alat-alat/NSD PAD/PAD PAD/PAD yang/S-- mengandung/VSA CFC/X-- adalah/O--,Akibat/NSD dari/R-- penggunaan/NSD kendaraan/NSD bermotor/ASP dan/CC- alat-alat/NSD PAD/PAD PAD/PAD yang/S-- mengandung/VSA CFC/NSD adalah/VSB,Akibat/NSD dari/R-- penggunaan/NSD kendaraan/NSD bermotor/ADV dan/CCA alat/NSD -/Z-- alat/NSD yang/S-- mengandung/VBT CFC/X-- adalah/VBL
Tindakan yang kita lakukan untuk menerapkan prinsip etika lingkungan tersebut adalah,115v001,"0,23",3,Tindakan/NSD yang/S-- kita/PP1 lakukan/VSA untuk/R-- menerapkan/VSA prinsip/NSD etika/NSD lingkungan/NSD tersebut/B-- adalah/O--,Tindakan/NSD yang/S-- kita/PR- lakukan/VSA untuk/R-- menerapkan/VSA prinsip/NSD etika/NSD lingkungan/NSD tersebut/PR- adalah/VSB,Tindakan/NSD yang/S-- kita/PRP lakukan/VSA untuk/R-- menerapkan/VBT prinsip/NSD etika/NSD lingkungan/NSD tersebut/PRD adalah/VBL
"Dalam rangka menerapkan prinsip etika lingkungan tersebut, tindakan yang kita ambil adalah",115v002,"0,00",3,"Dalam/NSD rangka/NSD menerapkan/VSA prinsip/NSD etika/NSD lingkungan/NSD tersebut/B-- ,/Z-- tindakan/NSD yang/S-- kita/PP1 ambil/VSA adalah/O--","Dalam/R-- rangka/NSD menerapkan/VSA prinsip/NSD etika/NSD lingkungan/NSD tersebut/T-- ,/Z-- tindakan/NSD yang/S-- kita/G-- ambil/VSA adalah/VSP","Dalam/R-- rangka/NSD menerapkan/VBT prinsip/NSD etika/NSD lingkungan/NSD tersebut/PRD ,/Z-- tindakan/NSD yang/S-- kita/PRP ambil/VSA adalah/VBL"
"Untuk menjalankan prinsip etika lingkungan itu, kita perlu melakukan tindakan",115v003,"0,09",3,"Untuk/R-- menjalankan/VSA prinsip/NSD etika/NSD lingkungan/NSD itu/B-- ,/Z-- kita/PP1 perlu/VSA melakukan/VSA tindakan/NSD","Untuk/R-- menjalankan/VSA prinsip/NSD etika/NSD lingkungan/NSD itu/T-- ,/Z-- kita/G-- perlu/VSA melakukan/VSA tindakan/NSD","Untuk/R-- menjalankan/VBT prinsip/NSD etika/NSD lingkungan/NSD itu/PRD ,/Z-- kita/PRP perlu/VSA melakukan/VBT tindakan/NSD"
Salah satu pengaruh hutan terhadap lingkungan adalah hubungannya dengan iklim. Ini terjadi karena hutan,116v001,"0,38",2,Salah/ASP satu/CC- pengaruh/NSD hutan/NSD terhadap/R-- lingkungan/NSD adalah/O-- hubungan/NSD nya/PS3 dengan/R-- iklim/NSD ./Z-- Ini/B-- terjadi/VSP karena/S-- hutan/NSD,Salah/ASP satu/O-- pengaruh/NSD hutan/NSD terhadap/R-- lingkungan/NSD adalah/VSP hubungannya/NSD PAD/PAD dengan/R-- iklim/NSD ./Z-- Ini/G-- terjadi/VSA karena/S-- hutan/NSD,Salah/NSD satu/NUM pengaruh/NSD hutan/NSD terhadap/R-- lingkungan/NSD adalah/VBL hubungan/NSD nya/PRF dengan/R-- iklim/NSD ./Z-- Ini/PRD terjadi/VBI karena/R-- hutan/NSD
"Hutan mempengaruhi lingkungan, terutama dalam hal iklim. Ini karena hutan",116v002,"0,00",3,"Hutan/NSD mempengaruhi/VSA lingkungan/NSD ,/Z-- terutama/ASS dalam/ASP hal/NSD iklim/NSD ./Z-- Ini/B-- karena/S-- hutan/NSD","Hutan/NSD mempengaruhi/VSA lingkungan/NSD ,/Z-- terutama/B-- dalam/R-- hal/NSD iklim/NSD ./Z-- Ini/G-- karena/S-- hutan/NSD","Hutan/NSD mempengaruhi/VBT lingkungan/NSD ,/Z-- terutama/ADJ dalam/R-- hal/NSD iklim/NSD ./Z-- Ini/PRD karena/R-- hutan/NSD"
Pengaruh hutan terhadap lingkungan mencakup iklim. Hal ini disebabkan oleh hutan yang,116v003,"0,33",2,Pengaruh/NSD hutan/NSD terhadap/R-- lingkungan/NSD mencakup/VSA iklim/NSD ./Z-- Hal/NSD ini/B-- disebabkan/VSP oleh/R-- hutan/NSD yang/S--,"Pengaruh/NSD hutan/NSD terhadap/R-- lingkungan/NSD mencakup/VSA iklim/NSD ./Z-- 
Hal/NSD ini/T-- disebabkan/VSP oleh/R-- hutan/NSD yang/S--",Pengaruh/NSD hutan/NSD terhadap/R-- lingkungan/NSD mencakup/VBT iklim/NSD ./Z-- Hal/NSD ini/PRD disebabkan/VSP oleh/R-- hutan/NSD yang/S--